order,pair_key,topic_id,preference_id,topic_keywords,topic_size,topic_main_places,topic_examples,preference_category,preference,preference_description,human_label,note,labeled_at
1,T6-P05,6,P05,"forest, swamp, ratargul, swamp forest",16,Ratargul Swamp Forest (15); Guliakhali Sea Beach (1),"I visited Ratargul Swamp Forest, and wow, it was incredible! Being in the boat among those submerged trees felt like stepping into another world, almost like a mini Amazon. It was such a unique and beautiful experience, especially with all the water in June. || A good place to hang out. The little swamps are aesthetic. You can have the most amazing view during drizzling. Magnificent scenic beauty. However road to reach here is little tricky and very challenging during rainy season || Visiting Ratargul Swamp Forest is truly a unique experience that feels like stepping into another world. Since it is one of the very few freshwater swamp forests in the world—and the only one in Bangladesh—the immersion into nature is unparalleled. || Great place to visit. Wonderful experience on a boat to explore the swamp forest! Note: But you need to bargain for the boat price. Around 1k-1.5k will be in range.",Attractions & Activities > Ecotourism & Wildlife,Ecotourism and forest boat safaris,"Travelers looking to experience unique ecosystems, lush tea gardens, swamp forests, and mangrove wildlife in Sreemangal, Ratargul, and the Sundarbans.",1,,2026-10-05T21:06:05Z
2,T9-P04,9,P04,"place, historical place, historical, visit",7,Sixty Dome Mosque (3); Lalbagh Fort (2); Sompur Mahavihar (Paharpur) (2),"Amazing historical place! The architecture is unique and the environment is calm and beautiful. A must-visit spot in Bagerhat. Highly recommended! || Good historical place to visit. There was some foreigner. This place is well maintained and I had a good experience. You can learn Old history and architecture from this place. || Visited after 15 years. Great place, carries great history. The environment is great. (The flower garden was amazing...I visited in winter).The Museum has many thousand year old sculptures. This museum and archaeological site is simply one of the best symbol of our past, our culture. || It's a historical place and really beautiful place to visit.",Attractions & Activities > Nature & Adventure Tourism,Hill tracts and scenic lake exploration,"Travelers seeking panoramic hilltop views, peaceful environments, and scenic boat rides in Bandarban and Kaptai Lake.",0,,2026-10-05T21:06:55Z
3,T7-P03,7,P03,"karamjal, sundarbans, forest, center",12,Sundarbans (Karamjal Wildlife Centre) (12),"It is a place in Sundarban,the largest mangrove forest of the world. There is a crocodile breeding center here.Its a popular tourist spot. || This was my first visit at Sundarbans, and it was an incredible trip. If you want a short day tour with a quick return, this place is a great option. || Spending time at Karamjal in the Sundarbans was truly wonderful. The lush greenery, scenic river views, and peaceful surroundings brought a unique sense of calm and relaxation. It is a fantastic destination for nature lovers. Along the walking trails, I captured some beautiful moments that will make this trip even more memorable. I would love to visit again if I get the opportunity. || Kararjal - the closest forest station near Mongla. A day trip here will give a experience of sundarbans life. Boats available at ferry ghat at Mongla.",Attractions & Activities > Heritage & Archaeological Tourism,Historical landmark and ancient city tours,"Travelers interested in exploring rich history, colonial architecture, and archaeological sites like Lalbagh Fort, Panam City, and ancient mosques.",0,,2026-10-05T21:09:53Z
4,T4-P02,4,P02,"panam, city, panam city, sonargaon",17,Panam City (17),"Visited Panam City on our picnic after exploring Sonargaon Museum, and it was an amazing experience. The old historic buildings, long streets, and quiet atmosphere make the place feel like a step back in time. It’s a great spot for walking, taking photos, and learning about history with friends. Perfect addition to a university picnic and a must-visit place near Sonargaon. || This place is a historical place in Sonargaon,Narayanganj called PanamNagar or Panam City.It's best for Picnic and Study Tour. || Panam City, located in Sonargaon near Dhaka, is one of the most fascinating historical heritage sites in Bangladesh. The abandoned city features a row of beautiful 19th-century colonial-style buildings that once belonged to wealthy Hindu merchants. Walking through the quiet, narrow street feels like stepping back in time — the architecture, broken windows, and fading walls tell stories of the past. || Panam City is a hauntingly beautiful ancient town that takes you back to the early 19th century. The narrow streets lined with old, grand buildings reflect the wealthy lifestyle of the past merchants. It is one of the most well-preserved historical sites in Bangladesh. Walking through these ruins feels like traveling through time. A perfect spot for history buffs and photographers.",Attractions & Activities > Coastal & Beach Tourism,Coastal beach and coral island excursions,"Travelers seeking scenic beach walks, sunsets, and relaxing coastal atmospheres in destinations like Cox's Bazar and Saint Martin's Island.",0,,2026-10-05T21:10:19Z
5,T9-P03,9,P03,"place, historical place, historical, visit",7,Sixty Dome Mosque (3); Lalbagh Fort (2); Sompur Mahavihar (Paharpur) (2),"Amazing historical place! The architecture is unique and the environment is calm and beautiful. A must-visit spot in Bagerhat. Highly recommended! || Good historical place to visit. There was some foreigner. This place is well maintained and I had a good experience. You can learn Old history and architecture from this place. || Visited after 15 years. Great place, carries great history. The environment is great. (The flower garden was amazing...I visited in winter).The Museum has many thousand year old sculptures. This museum and archaeological site is simply one of the best symbol of our past, our culture. || It's a historical place and really beautiful place to visit.",Attractions & Activities > Heritage & Archaeological Tourism,Historical landmark and ancient city tours,"Travelers interested in exploring rich history, colonial architecture, and archaeological sites like Lalbagh Fort, Panam City, and ancient mosques.",1,,2026-10-05T21:10:35Z
6,T6-P03,6,P03,"forest, swamp, ratargul, swamp forest",16,Ratargul Swamp Forest (15); Guliakhali Sea Beach (1),"I visited Ratargul Swamp Forest, and wow, it was incredible! Being in the boat among those submerged trees felt like stepping into another world, almost like a mini Amazon. It was such a unique and beautiful experience, especially with all the water in June. || A good place to hang out. The little swamps are aesthetic. You can have the most amazing view during drizzling. Magnificent scenic beauty. However road to reach here is little tricky and very challenging during rainy season || Visiting Ratargul Swamp Forest is truly a unique experience that feels like stepping into another world. Since it is one of the very few freshwater swamp forests in the world—and the only one in Bangladesh—the immersion into nature is unparalleled. || Great place to visit. Wonderful experience on a boat to explore the swamp forest! Note: But you need to bargain for the boat price. Around 1k-1.5k will be in range.",Attractions & Activities > Heritage & Archaeological Tourism,Historical landmark and ancient city tours,"Travelers interested in exploring rich history, colonial architecture, and archaeological sites like Lalbagh Fort, Panam City, and ancient mosques.",0,,2026-10-05T21:10:52Z
7,T9-P05,9,P05,"place, historical place, historical, visit",7,Sixty Dome Mosque (3); Lalbagh Fort (2); Sompur Mahavihar (Paharpur) (2),"Amazing historical place! The architecture is unique and the environment is calm and beautiful. A must-visit spot in Bagerhat. Highly recommended! || Good historical place to visit. There was some foreigner. This place is well maintained and I had a good experience. You can learn Old history and architecture from this place. || Visited after 15 years. Great place, carries great history. The environment is great. (The flower garden was amazing...I visited in winter).The Museum has many thousand year old sculptures. This museum and archaeological site is simply one of the best symbol of our past, our culture. || It's a historical place and really beautiful place to visit.",Attractions & Activities > Ecotourism & Wildlife,Ecotourism and forest boat safaris,"Travelers looking to experience unique ecosystems, lush tea gardens, swamp forests, and mangrove wildlife in Sreemangal, Ratargul, and the Sundarbans.",0,,2026-10-05T21:11:04Z
8,T7-P05,7,P05,"karamjal, sundarbans, forest, center",12,Sundarbans (Karamjal Wildlife Centre) (12),"It is a place in Sundarban,the largest mangrove forest of the world. There is a crocodile breeding center here.Its a popular tourist spot. || This was my first visit at Sundarbans, and it was an incredible trip. If you want a short day tour with a quick return, this place is a great option. || Spending time at Karamjal in the Sundarbans was truly wonderful. The lush greenery, scenic river views, and peaceful surroundings brought a unique sense of calm and relaxation. It is a fantastic destination for nature lovers. Along the walking trails, I captured some beautiful moments that will make this trip even more memorable. I would love to visit again if I get the opportunity. || Kararjal - the closest forest station near Mongla. A day trip here will give a experience of sundarbans life. Boats available at ferry ghat at Mongla.",Attractions & Activities > Ecotourism & Wildlife,Ecotourism and forest boat safaris,"Travelers looking to experience unique ecosystems, lush tea gardens, swamp forests, and mangrove wildlife in Sreemangal, Ratargul, and the Sundarbans.",1,,2026-10-05T21:11:14Z
9,T8-P03,8,P03,"lake, kaptai, kaptai lake, rangamati",11,Kaptai Lake (10); Guliakhali Sea Beach (1),"Rented resort at Kaptai lake, rented boat and toured for whole day, went down to various hills, resort sometimes and took view of whole lake. A lot of time was spent on the boat. || Very beautiful and calm place 2mins distance from Chittagong highway. Near to muradpur village. In summer it is place to visit but you will see different view when you in rainy season. Water almost comes to near village. A recreation place for the locals. || Kaptai Lake, One of the most beautiful and lucrative natural scenery, there are lots of lake in your country but kaptai lake is none of them, it has some interesting features like it's colorful water, design and it's scenery. I have visited several times there and i found its beauty and i would suggest you guys please visit just only once then said. || nice place You can go to Kaptai to enjoy the beauty of the hill. There are picnic spots, and various toys for children to play. There is a calm and beautiful environment. This is a strangely beautiful scene with two hills above the lake. What you see fills your heart. JT Ghat is next to it. You can also enjoy a boat trip if you want. There is also a stock of pineapples. Good results at low cost.",Attractions & Activities > Heritage & Archaeological Tourism,Historical landmark and ancient city tours,"Travelers interested in exploring rich history, colonial architecture, and archaeological sites like Lalbagh Fort, Panam City, and ancient mosques.",0,,2026-10-05T21:11:24Z
10,T8-P05,8,P05,"lake, kaptai, kaptai lake, rangamati",11,Kaptai Lake (10); Guliakhali Sea Beach (1),"Rented resort at Kaptai lake, rented boat and toured for whole day, went down to various hills, resort sometimes and took view of whole lake. A lot of time was spent on the boat. || Very beautiful and calm place 2mins distance from Chittagong highway. Near to muradpur village. In summer it is place to visit but you will see different view when you in rainy season. Water almost comes to near village. A recreation place for the locals. || Kaptai Lake, One of the most beautiful and lucrative natural scenery, there are lots of lake in your country but kaptai lake is none of them, it has some interesting features like it's colorful water, design and it's scenery. I have visited several times there and i found its beauty and i would suggest you guys please visit just only once then said. || nice place You can go to Kaptai to enjoy the beauty of the hill. There are picnic spots, and various toys for children to play. There is a calm and beautiful environment. This is a strangely beautiful scene with two hills above the lake. What you see fills your heart. JT Ghat is next to it. You can also enjoy a boat trip if you want. There is also a stock of pineapples. Good results at low cost.",Attractions & Activities > Ecotourism & Wildlife,Ecotourism and forest boat safaris,"Travelers looking to experience unique ecosystems, lush tea gardens, swamp forests, and mangrove wildlife in Sreemangal, Ratargul, and the Sundarbans.",0,,2026-10-05T21:11:42Z
11,T4-P04,4,P04,"panam, city, panam city, sonargaon",17,Panam City (17),"Visited Panam City on our picnic after exploring Sonargaon Museum, and it was an amazing experience. The old historic buildings, long streets, and quiet atmosphere make the place feel like a step back in time. It’s a great spot for walking, taking photos, and learning about history with friends. Perfect addition to a university picnic and a must-visit place near Sonargaon. || This place is a historical place in Sonargaon,Narayanganj called PanamNagar or Panam City.It's best for Picnic and Study Tour. || Panam City, located in Sonargaon near Dhaka, is one of the most fascinating historical heritage sites in Bangladesh. The abandoned city features a row of beautiful 19th-century colonial-style buildings that once belonged to wealthy Hindu merchants. Walking through the quiet, narrow street feels like stepping back in time — the architecture, broken windows, and fading walls tell stories of the past. || Panam City is a hauntingly beautiful ancient town that takes you back to the early 19th century. The narrow streets lined with old, grand buildings reflect the wealthy lifestyle of the past merchants. It is one of the most well-preserved historical sites in Bangladesh. Walking through these ruins feels like traveling through time. A perfect spot for history buffs and photographers.",Attractions & Activities > Nature & Adventure Tourism,Hill tracts and scenic lake exploration,"Travelers seeking panoramic hilltop views, peaceful environments, and scenic boat rides in Bandarban and Kaptai Lake.",0,,2026-10-05T21:11:52Z
12,T3-P03,3,P03,"bandarban, nilachal, place, tourist",32,Nilachal Tourist Center (18); Jaflong Zero Point (5); Srimangal Tea Garden (2); Kaptai Lake (2),"The Nilachal Tourist Center, located in Bangladesh, is a popular destination known for its natural beauty and serene surroundings. It offers visitors a peaceful retreat amidst lush greenery and scenic landscapes. The center provides facilities for tourists to relax and enjoy nature, making it a favorable spot for those seeking tranquility and a break from urban life. || This a wonderful place for tourism. it's more beautiful in July to September 💕. || Natural Vive, one ride like a walk in heaven of nature. Truly amazing. || Great place to visit and shopping as well. Highly recommended for tourists among any countries and any areas, where you can swim as well.",Attractions & Activities > Heritage & Archaeological Tourism,Historical landmark and ancient city tours,"Travelers interested in exploring rich history, colonial architecture, and archaeological sites like Lalbagh Fort, Panam City, and ancient mosques.",0,,2026-10-05T21:12:13Z
13,T2-P03,2,P03,"dhaka, history, historical, visit",73,Ahsan Manzil Museum (18); Sixty Dome Mosque (17); Sompur Mahavihar (Paharpur) (15); Jaflong Zero Point (11),"A fabled place, a remarkable heritage site steeped in history and a beautiful specimen of heritage architecture. A UNESCO world heritage site. Unfortunately it is closed on most public holidays and no importance is given to the tourists, of course it's a mosque but both can be maintained if authorities are willing. || Ahsan Manzil is a historic palace situated in Kumartoli along the banks of Buriganga River in Dhaka, Bangladesh. It served as the official residence and administrative seat of the Nawab of Dhaka during the late 19th and early 20th centuries. Credit:-Wikipedia || Nice place to explore the rich and ancient history of Bangladesh from 13th century. Every single archaeological remains bear witness of the Bengal's architectural, cultural and historical elegance that was once admired throughout the world. Those who love exploring history and ancient architectures, this is a must visit site, just an hour from Dhaka. || Somapura Mahavihara was one of the most famous Buddhist monastic institutions of ancient Bengal.",Attractions & Activities > Heritage & Archaeological Tourism,Historical landmark and ancient city tours,"Travelers interested in exploring rich history, colonial architecture, and archaeological sites like Lalbagh Fort, Panam City, and ancient mosques.",1,,2026-10-05T21:12:29Z
14,T4-P05,4,P05,"panam, city, panam city, sonargaon",17,Panam City (17),"Visited Panam City on our picnic after exploring Sonargaon Museum, and it was an amazing experience. The old historic buildings, long streets, and quiet atmosphere make the place feel like a step back in time. It’s a great spot for walking, taking photos, and learning about history with friends. Perfect addition to a university picnic and a must-visit place near Sonargaon. || This place is a historical place in Sonargaon,Narayanganj called PanamNagar or Panam City.It's best for Picnic and Study Tour. || Panam City, located in Sonargaon near Dhaka, is one of the most fascinating historical heritage sites in Bangladesh. The abandoned city features a row of beautiful 19th-century colonial-style buildings that once belonged to wealthy Hindu merchants. Walking through the quiet, narrow street feels like stepping back in time — the architecture, broken windows, and fading walls tell stories of the past. || Panam City is a hauntingly beautiful ancient town that takes you back to the early 19th century. The narrow streets lined with old, grand buildings reflect the wealthy lifestyle of the past merchants. It is one of the most well-preserved historical sites in Bangladesh. Walking through these ruins feels like traveling through time. A perfect spot for history buffs and photographers.",Attractions & Activities > Ecotourism & Wildlife,Ecotourism and forest boat safaris,"Travelers looking to experience unique ecosystems, lush tea gardens, swamp forests, and mangrove wildlife in Sreemangal, Ratargul, and the Sundarbans.",0,,2026-10-05T21:12:34Z
15,T7-P04,7,P04,"karamjal, sundarbans, forest, center",12,Sundarbans (Karamjal Wildlife Centre) (12),"It is a place in Sundarban,the largest mangrove forest of the world. There is a crocodile breeding center here.Its a popular tourist spot. || This was my first visit at Sundarbans, and it was an incredible trip. If you want a short day tour with a quick return, this place is a great option. || Spending time at Karamjal in the Sundarbans was truly wonderful. The lush greenery, scenic river views, and peaceful surroundings brought a unique sense of calm and relaxation. It is a fantastic destination for nature lovers. Along the walking trails, I captured some beautiful moments that will make this trip even more memorable. I would love to visit again if I get the opportunity. || Kararjal - the closest forest station near Mongla. A day trip here will give a experience of sundarbans life. Boats available at ferry ghat at Mongla.",Attractions & Activities > Nature & Adventure Tourism,Hill tracts and scenic lake exploration,"Travelers seeking panoramic hilltop views, peaceful environments, and scenic boat rides in Bandarban and Kaptai Lake.",1,,2026-10-05T21:13:09Z
16,T2-P04,2,P04,"dhaka, history, historical, visit",73,Ahsan Manzil Museum (18); Sixty Dome Mosque (17); Sompur Mahavihar (Paharpur) (15); Jaflong Zero Point (11),"A fabled place, a remarkable heritage site steeped in history and a beautiful specimen of heritage architecture. A UNESCO world heritage site. Unfortunately it is closed on most public holidays and no importance is given to the tourists, of course it's a mosque but both can be maintained if authorities are willing. || Ahsan Manzil is a historic palace situated in Kumartoli along the banks of Buriganga River in Dhaka, Bangladesh. It served as the official residence and administrative seat of the Nawab of Dhaka during the late 19th and early 20th centuries. Credit:-Wikipedia || Nice place to explore the rich and ancient history of Bangladesh from 13th century. Every single archaeological remains bear witness of the Bengal's architectural, cultural and historical elegance that was once admired throughout the world. Those who love exploring history and ancient architectures, this is a must visit site, just an hour from Dhaka. || Somapura Mahavihara was one of the most famous Buddhist monastic institutions of ancient Bengal.",Attractions & Activities > Nature & Adventure Tourism,Hill tracts and scenic lake exploration,"Travelers seeking panoramic hilltop views, peaceful environments, and scenic boat rides in Bandarban and Kaptai Lake.",0,,2026-10-05T21:13:15Z
17,T1-P03,1,P03,"beach, sea, island, sea beach",76,Saint Martins Island (19); Cox's Bazar Beach (18); Guliakhali Sea Beach (16); Kuakata Beach (14),"You can spend all the day without any tiredness! Such a soothing & peaceful place it is! Please must do a ride on boat! || The saint martine beach is a beautiful place. The sand is soft and warm. The water is cool and refreshing. The sun shines brightly. It is a perfect place to relax and enjoy the beauty of nature. Best place in Bangladesh. || Cox's Bazar Beach located at Cox's Bazar, Bangladesh, is the longest natural sea beach in the world running 120 kilometres (75 mi). According to a survey of Bangladesh Bureau of Statistics in December 2021, each year 17% of the citizens of the country visit Cox's Bazar, which is about 3 million. However, the number of trips to Cox's Bazar beach is declining due to various issues. || Guliakhali Sea Beach has a nice view. I went with friends from Dhaka University of Engineering and Technology. The beach itself is quite pretty, but it did seem a bit muddy in some areas. ☀️ It's a decent spot for a day trip. 🚶 The atmosphere was okay. 🌊",Attractions & Activities > Heritage & Archaeological Tourism,Historical landmark and ancient city tours,"Travelers interested in exploring rich history, colonial architecture, and archaeological sites like Lalbagh Fort, Panam City, and ancient mosques.",0,,2026-10-05T21:13:24Z
18,T6-P04,6,P04,"forest, swamp, ratargul, swamp forest",16,Ratargul Swamp Forest (15); Guliakhali Sea Beach (1),"I visited Ratargul Swamp Forest, and wow, it was incredible! Being in the boat among those submerged trees felt like stepping into another world, almost like a mini Amazon. It was such a unique and beautiful experience, especially with all the water in June. || A good place to hang out. The little swamps are aesthetic. You can have the most amazing view during drizzling. Magnificent scenic beauty. However road to reach here is little tricky and very challenging during rainy season || Visiting Ratargul Swamp Forest is truly a unique experience that feels like stepping into another world. Since it is one of the very few freshwater swamp forests in the world—and the only one in Bangladesh—the immersion into nature is unparalleled. || Great place to visit. Wonderful experience on a boat to explore the swamp forest! Note: But you need to bargain for the boat price. Around 1k-1.5k will be in range.",Attractions & Activities > Nature & Adventure Tourism,Hill tracts and scenic lake exploration,"Travelers seeking panoramic hilltop views, peaceful environments, and scenic boat rides in Bandarban and Kaptai Lake.",1,,2026-10-05T21:13:42Z
19,T8-P02,8,P02,"lake, kaptai, kaptai lake, rangamati",11,Kaptai Lake (10); Guliakhali Sea Beach (1),"Rented resort at Kaptai lake, rented boat and toured for whole day, went down to various hills, resort sometimes and took view of whole lake. A lot of time was spent on the boat. || Very beautiful and calm place 2mins distance from Chittagong highway. Near to muradpur village. In summer it is place to visit but you will see different view when you in rainy season. Water almost comes to near village. A recreation place for the locals. || Kaptai Lake, One of the most beautiful and lucrative natural scenery, there are lots of lake in your country but kaptai lake is none of them, it has some interesting features like it's colorful water, design and it's scenery. I have visited several times there and i found its beauty and i would suggest you guys please visit just only once then said. || nice place You can go to Kaptai to enjoy the beauty of the hill. There are picnic spots, and various toys for children to play. There is a calm and beautiful environment. This is a strangely beautiful scene with two hills above the lake. What you see fills your heart. JT Ghat is next to it. You can also enjoy a boat trip if you want. There is also a stock of pineapples. Good results at low cost.",Attractions & Activities > Coastal & Beach Tourism,Coastal beach and coral island excursions,"Travelers seeking scenic beach walks, sunsets, and relaxing coastal atmospheres in destinations like Cox's Bazar and Saint Martin's Island.",0,,2026-10-05T21:13:51Z
20,T7-P02,7,P02,"karamjal, sundarbans, forest, center",12,Sundarbans (Karamjal Wildlife Centre) (12),"It is a place in Sundarban,the largest mangrove forest of the world. There is a crocodile breeding center here.Its a popular tourist spot. || This was my first visit at Sundarbans, and it was an incredible trip. If you want a short day tour with a quick return, this place is a great option. || Spending time at Karamjal in the Sundarbans was truly wonderful. The lush greenery, scenic river views, and peaceful surroundings brought a unique sense of calm and relaxation. It is a fantastic destination for nature lovers. Along the walking trails, I captured some beautiful moments that will make this trip even more memorable. I would love to visit again if I get the opportunity. || Kararjal - the closest forest station near Mongla. A day trip here will give a experience of sundarbans life. Boats available at ferry ghat at Mongla.",Attractions & Activities > Coastal & Beach Tourism,Coastal beach and coral island excursions,"Travelers seeking scenic beach walks, sunsets, and relaxing coastal atmospheres in destinations like Cox's Bazar and Saint Martin's Island.",0,,2026-10-05T21:14:09Z
21,T3-P05,3,P05,"bandarban, nilachal, place, tourist",32,Nilachal Tourist Center (18); Jaflong Zero Point (5); Srimangal Tea Garden (2); Kaptai Lake (2),"The Nilachal Tourist Center, located in Bangladesh, is a popular destination known for its natural beauty and serene surroundings. It offers visitors a peaceful retreat amidst lush greenery and scenic landscapes. The center provides facilities for tourists to relax and enjoy nature, making it a favorable spot for those seeking tranquility and a break from urban life. || This a wonderful place for tourism. it's more beautiful in July to September 💕. || Natural Vive, one ride like a walk in heaven of nature. Truly amazing. || Great place to visit and shopping as well. Highly recommended for tourists among any countries and any areas, where you can swim as well.",Attractions & Activities > Ecotourism & Wildlife,Ecotourism and forest boat safaris,"Travelers looking to experience unique ecosystems, lush tea gardens, swamp forests, and mangrove wildlife in Sreemangal, Ratargul, and the Sundarbans.",1,,2026-10-05T21:15:25Z
22,T4-P03,4,P03,"panam, city, panam city, sonargaon",17,Panam City (17),"Visited Panam City on our picnic after exploring Sonargaon Museum, and it was an amazing experience. The old historic buildings, long streets, and quiet atmosphere make the place feel like a step back in time. It’s a great spot for walking, taking photos, and learning about history with friends. Perfect addition to a university picnic and a must-visit place near Sonargaon. || This place is a historical place in Sonargaon,Narayanganj called PanamNagar or Panam City.It's best for Picnic and Study Tour. || Panam City, located in Sonargaon near Dhaka, is one of the most fascinating historical heritage sites in Bangladesh. The abandoned city features a row of beautiful 19th-century colonial-style buildings that once belonged to wealthy Hindu merchants. Walking through the quiet, narrow street feels like stepping back in time — the architecture, broken windows, and fading walls tell stories of the past. || Panam City is a hauntingly beautiful ancient town that takes you back to the early 19th century. The narrow streets lined with old, grand buildings reflect the wealthy lifestyle of the past merchants. It is one of the most well-preserved historical sites in Bangladesh. Walking through these ruins feels like traveling through time. A perfect spot for history buffs and photographers.",Attractions & Activities > Heritage & Archaeological Tourism,Historical landmark and ancient city tours,"Travelers interested in exploring rich history, colonial architecture, and archaeological sites like Lalbagh Fort, Panam City, and ancient mosques.",1,,2026-10-05T21:15:38Z
23,T1-P04,1,P04,"beach, sea, island, sea beach",76,Saint Martins Island (19); Cox's Bazar Beach (18); Guliakhali Sea Beach (16); Kuakata Beach (14),"You can spend all the day without any tiredness! Such a soothing & peaceful place it is! Please must do a ride on boat! || The saint martine beach is a beautiful place. The sand is soft and warm. The water is cool and refreshing. The sun shines brightly. It is a perfect place to relax and enjoy the beauty of nature. Best place in Bangladesh. || Cox's Bazar Beach located at Cox's Bazar, Bangladesh, is the longest natural sea beach in the world running 120 kilometres (75 mi). According to a survey of Bangladesh Bureau of Statistics in December 2021, each year 17% of the citizens of the country visit Cox's Bazar, which is about 3 million. However, the number of trips to Cox's Bazar beach is declining due to various issues. || Guliakhali Sea Beach has a nice view. I went with friends from Dhaka University of Engineering and Technology. The beach itself is quite pretty, but it did seem a bit muddy in some areas. ☀️ It's a decent spot for a day trip. 🚶 The atmosphere was okay. 🌊",Attractions & Activities > Nature & Adventure Tourism,Hill tracts and scenic lake exploration,"Travelers seeking panoramic hilltop views, peaceful environments, and scenic boat rides in Bandarban and Kaptai Lake.",0,,2026-10-05T21:15:56Z
24,T1-P05,1,P05,"beach, sea, island, sea beach",76,Saint Martins Island (19); Cox's Bazar Beach (18); Guliakhali Sea Beach (16); Kuakata Beach (14),"You can spend all the day without any tiredness! Such a soothing & peaceful place it is! Please must do a ride on boat! || The saint martine beach is a beautiful place. The sand is soft and warm. The water is cool and refreshing. The sun shines brightly. It is a perfect place to relax and enjoy the beauty of nature. Best place in Bangladesh. || Cox's Bazar Beach located at Cox's Bazar, Bangladesh, is the longest natural sea beach in the world running 120 kilometres (75 mi). According to a survey of Bangladesh Bureau of Statistics in December 2021, each year 17% of the citizens of the country visit Cox's Bazar, which is about 3 million. However, the number of trips to Cox's Bazar beach is declining due to various issues. || Guliakhali Sea Beach has a nice view. I went with friends from Dhaka University of Engineering and Technology. The beach itself is quite pretty, but it did seem a bit muddy in some areas. ☀️ It's a decent spot for a day trip. 🚶 The atmosphere was okay. 🌊",Attractions & Activities > Ecotourism & Wildlife,Ecotourism and forest boat safaris,"Travelers looking to experience unique ecosystems, lush tea gardens, swamp forests, and mangrove wildlife in Sreemangal, Ratargul, and the Sundarbans.",0,,2026-10-05T21:16:05Z
25,T8-P01,8,P01,"lake, kaptai, kaptai lake, rangamati",11,Kaptai Lake (10); Guliakhali Sea Beach (1),"Rented resort at Kaptai lake, rented boat and toured for whole day, went down to various hills, resort sometimes and took view of whole lake. A lot of time was spent on the boat. || Very beautiful and calm place 2mins distance from Chittagong highway. Near to muradpur village. In summer it is place to visit but you will see different view when you in rainy season. Water almost comes to near village. A recreation place for the locals. || Kaptai Lake, One of the most beautiful and lucrative natural scenery, there are lots of lake in your country but kaptai lake is none of them, it has some interesting features like it's colorful water, design and it's scenery. I have visited several times there and i found its beauty and i would suggest you guys please visit just only once then said. || nice place You can go to Kaptai to enjoy the beauty of the hill. There are picnic spots, and various toys for children to play. There is a calm and beautiful environment. This is a strangely beautiful scene with two hills above the lake. What you see fills your heart. JT Ghat is next to it. You can also enjoy a boat trip if you want. There is also a stock of pineapples. Good results at low cost.",Accommodation > Hotel & Resort Services,Quality hotel accommodation and staff service,"Travelers seeking comfortable hotel stays with clean rooms, good value, and hospitable staff service.",0,,2026-10-05T21:17:26Z
26,T7-P01,7,P01,"karamjal, sundarbans, forest, center",12,Sundarbans (Karamjal Wildlife Centre) (12),"It is a place in Sundarban,the largest mangrove forest of the world. There is a crocodile breeding center here.Its a popular tourist spot. || This was my first visit at Sundarbans, and it was an incredible trip. If you want a short day tour with a quick return, this place is a great option. || Spending time at Karamjal in the Sundarbans was truly wonderful. The lush greenery, scenic river views, and peaceful surroundings brought a unique sense of calm and relaxation. It is a fantastic destination for nature lovers. Along the walking trails, I captured some beautiful moments that will make this trip even more memorable. I would love to visit again if I get the opportunity. || Kararjal - the closest forest station near Mongla. A day trip here will give a experience of sundarbans life. Boats available at ferry ghat at Mongla.",Accommodation > Hotel & Resort Services,Quality hotel accommodation and staff service,"Travelers seeking comfortable hotel stays with clean rooms, good value, and hospitable staff service.",0,,2026-10-05T21:17:46Z
27,T6-P02,6,P02,"forest, swamp, ratargul, swamp forest",16,Ratargul Swamp Forest (15); Guliakhali Sea Beach (1),"I visited Ratargul Swamp Forest, and wow, it was incredible! Being in the boat among those submerged trees felt like stepping into another world, almost like a mini Amazon. It was such a unique and beautiful experience, especially with all the water in June. || A good place to hang out. The little swamps are aesthetic. You can have the most amazing view during drizzling. Magnificent scenic beauty. However road to reach here is little tricky and very challenging during rainy season || Visiting Ratargul Swamp Forest is truly a unique experience that feels like stepping into another world. Since it is one of the very few freshwater swamp forests in the world—and the only one in Bangladesh—the immersion into nature is unparalleled. || Great place to visit. Wonderful experience on a boat to explore the swamp forest! Note: But you need to bargain for the boat price. Around 1k-1.5k will be in range.",Attractions & Activities > Coastal & Beach Tourism,Coastal beach and coral island excursions,"Travelers seeking scenic beach walks, sunsets, and relaxing coastal atmospheres in destinations like Cox's Bazar and Saint Martin's Island.",0,,2026-10-05T21:18:05Z
28,T5-P03,5,P03,"tea, garden, tea garden, sreemangal",16,Srimangal Tea Garden (16),"Nice place to spend quality time with many tea garden and resorts || It is an attractive place. The garden of tea trees are looking like the carpet of nature. Very much relaxing place. But the salary of tea workers are so lest. It's just 180 tk per day. That was so poor for a person to live with his family. The Authorities should look after on that matter. || Sreemangal is known as the tea capital of Bangladesh. It covers an overall are of 450 sq. km. The opulent green tea plantation attracts most tourists. It has overall 163 tea plantations. The tea of highest quality is produced here. || Sometimes called The Capital of Tea garden in Sreemongal.There are terraced tea gardens and pineapple, rubber, and lemon plantation.",Attractions & Activities > Heritage & Archaeological Tourism,Historical landmark and ancient city tours,"Travelers interested in exploring rich history, colonial architecture, and archaeological sites like Lalbagh Fort, Panam City, and ancient mosques.",0,,2026-10-05T21:18:14Z
29,T2-P05,2,P05,"dhaka, history, historical, visit",73,Ahsan Manzil Museum (18); Sixty Dome Mosque (17); Sompur Mahavihar (Paharpur) (15); Jaflong Zero Point (11),"A fabled place, a remarkable heritage site steeped in history and a beautiful specimen of heritage architecture. A UNESCO world heritage site. Unfortunately it is closed on most public holidays and no importance is given to the tourists, of course it's a mosque but both can be maintained if authorities are willing. || Ahsan Manzil is a historic palace situated in Kumartoli along the banks of Buriganga River in Dhaka, Bangladesh. It served as the official residence and administrative seat of the Nawab of Dhaka during the late 19th and early 20th centuries. Credit:-Wikipedia || Nice place to explore the rich and ancient history of Bangladesh from 13th century. Every single archaeological remains bear witness of the Bengal's architectural, cultural and historical elegance that was once admired throughout the world. Those who love exploring history and ancient architectures, this is a must visit site, just an hour from Dhaka. || Somapura Mahavihara was one of the most famous Buddhist monastic institutions of ancient Bengal.",Attractions & Activities > Ecotourism & Wildlife,Ecotourism and forest boat safaris,"Travelers looking to experience unique ecosystems, lush tea gardens, swamp forests, and mangrove wildlife in Sreemangal, Ratargul, and the Sundarbans.",0,,2026-10-05T21:18:20Z
30,T8-P04,8,P04,"lake, kaptai, kaptai lake, rangamati",11,Kaptai Lake (10); Guliakhali Sea Beach (1),"Rented resort at Kaptai lake, rented boat and toured for whole day, went down to various hills, resort sometimes and took view of whole lake. A lot of time was spent on the boat. || Very beautiful and calm place 2mins distance from Chittagong highway. Near to muradpur village. In summer it is place to visit but you will see different view when you in rainy season. Water almost comes to near village. A recreation place for the locals. || Kaptai Lake, One of the most beautiful and lucrative natural scenery, there are lots of lake in your country but kaptai lake is none of them, it has some interesting features like it's colorful water, design and it's scenery. I have visited several times there and i found its beauty and i would suggest you guys please visit just only once then said. || nice place You can go to Kaptai to enjoy the beauty of the hill. There are picnic spots, and various toys for children to play. There is a calm and beautiful environment. This is a strangely beautiful scene with two hills above the lake. What you see fills your heart. JT Ghat is next to it. You can also enjoy a boat trip if you want. There is also a stock of pineapples. Good results at low cost.",Attractions & Activities > Nature & Adventure Tourism,Hill tracts and scenic lake exploration,"Travelers seeking panoramic hilltop views, peaceful environments, and scenic boat rides in Bandarban and Kaptai Lake.",1,,2026-10-05T21:18:27Z
31,T5-P05,5,P05,"tea, garden, tea garden, sreemangal",16,Srimangal Tea Garden (16),"Nice place to spend quality time with many tea garden and resorts || It is an attractive place. The garden of tea trees are looking like the carpet of nature. Very much relaxing place. But the salary of tea workers are so lest. It's just 180 tk per day. That was so poor for a person to live with his family. The Authorities should look after on that matter. || Sreemangal is known as the tea capital of Bangladesh. It covers an overall are of 450 sq. km. The opulent green tea plantation attracts most tourists. It has overall 163 tea plantations. The tea of highest quality is produced here. || Sometimes called The Capital of Tea garden in Sreemongal.There are terraced tea gardens and pineapple, rubber, and lemon plantation.",Attractions & Activities > Ecotourism & Wildlife,Ecotourism and forest boat safaris,"Travelers looking to experience unique ecosystems, lush tea gardens, swamp forests, and mangrove wildlife in Sreemangal, Ratargul, and the Sundarbans.",1,,2026-10-05T21:18:45Z
32,T6-P01,6,P01,"forest, swamp, ratargul, swamp forest",16,Ratargul Swamp Forest (15); Guliakhali Sea Beach (1),"I visited Ratargul Swamp Forest, and wow, it was incredible! Being in the boat among those submerged trees felt like stepping into another world, almost like a mini Amazon. It was such a unique and beautiful experience, especially with all the water in June. || A good place to hang out. The little swamps are aesthetic. You can have the most amazing view during drizzling. Magnificent scenic beauty. However road to reach here is little tricky and very challenging during rainy season || Visiting Ratargul Swamp Forest is truly a unique experience that feels like stepping into another world. Since it is one of the very few freshwater swamp forests in the world—and the only one in Bangladesh—the immersion into nature is unparalleled. || Great place to visit. Wonderful experience on a boat to explore the swamp forest! Note: But you need to bargain for the boat price. Around 1k-1.5k will be in range.",Accommodation > Hotel & Resort Services,Quality hotel accommodation and staff service,"Travelers seeking comfortable hotel stays with clean rooms, good value, and hospitable staff service.",0,,2026-10-05T21:19:01Z
33,T2-P02,2,P02,"dhaka, history, historical, visit",73,Ahsan Manzil Museum (18); Sixty Dome Mosque (17); Sompur Mahavihar (Paharpur) (15); Jaflong Zero Point (11),"A fabled place, a remarkable heritage site steeped in history and a beautiful specimen of heritage architecture. A UNESCO world heritage site. Unfortunately it is closed on most public holidays and no importance is given to the tourists, of course it's a mosque but both can be maintained if authorities are willing. || Ahsan Manzil is a historic palace situated in Kumartoli along the banks of Buriganga River in Dhaka, Bangladesh. It served as the official residence and administrative seat of the Nawab of Dhaka during the late 19th and early 20th centuries. Credit:-Wikipedia || Nice place to explore the rich and ancient history of Bangladesh from 13th century. Every single archaeological remains bear witness of the Bengal's architectural, cultural and historical elegance that was once admired throughout the world. Those who love exploring history and ancient architectures, this is a must visit site, just an hour from Dhaka. || Somapura Mahavihara was one of the most famous Buddhist monastic institutions of ancient Bengal.",Attractions & Activities > Coastal & Beach Tourism,Coastal beach and coral island excursions,"Travelers seeking scenic beach walks, sunsets, and relaxing coastal atmospheres in destinations like Cox's Bazar and Saint Martin's Island.",0,,2026-10-05T21:19:07Z
34,T1-P01,1,P01,"beach, sea, island, sea beach",76,Saint Martins Island (19); Cox's Bazar Beach (18); Guliakhali Sea Beach (16); Kuakata Beach (14),"You can spend all the day without any tiredness! Such a soothing & peaceful place it is! Please must do a ride on boat! || The saint martine beach is a beautiful place. The sand is soft and warm. The water is cool and refreshing. The sun shines brightly. It is a perfect place to relax and enjoy the beauty of nature. Best place in Bangladesh. || Cox's Bazar Beach located at Cox's Bazar, Bangladesh, is the longest natural sea beach in the world running 120 kilometres (75 mi). According to a survey of Bangladesh Bureau of Statistics in December 2021, each year 17% of the citizens of the country visit Cox's Bazar, which is about 3 million. However, the number of trips to Cox's Bazar beach is declining due to various issues. || Guliakhali Sea Beach has a nice view. I went with friends from Dhaka University of Engineering and Technology. The beach itself is quite pretty, but it did seem a bit muddy in some areas. ☀️ It's a decent spot for a day trip. 🚶 The atmosphere was okay. 🌊",Accommodation > Hotel & Resort Services,Quality hotel accommodation and staff service,"Travelers seeking comfortable hotel stays with clean rooms, good value, and hospitable staff service.",0,,2026-10-05T21:19:32Z
35,T5-P04,5,P04,"tea, garden, tea garden, sreemangal",16,Srimangal Tea Garden (16),"Nice place to spend quality time with many tea garden and resorts || It is an attractive place. The garden of tea trees are looking like the carpet of nature. Very much relaxing place. But the salary of tea workers are so lest. It's just 180 tk per day. That was so poor for a person to live with his family. The Authorities should look after on that matter. || Sreemangal is known as the tea capital of Bangladesh. It covers an overall are of 450 sq. km. The opulent green tea plantation attracts most tourists. It has overall 163 tea plantations. The tea of highest quality is produced here. || Sometimes called The Capital of Tea garden in Sreemongal.There are terraced tea gardens and pineapple, rubber, and lemon plantation.",Attractions & Activities > Nature & Adventure Tourism,Hill tracts and scenic lake exploration,"Travelers seeking panoramic hilltop views, peaceful environments, and scenic boat rides in Bandarban and Kaptai Lake.",0,,2026-10-05T21:19:49Z
36,T0-P03,0,P03,"good, room, staff, hotel",239,Hoque Tower International (20); Foy's Lake Resort (20); The Crystal Rose Hotel (20); Sylhet Paradise Inn (20),"It was really a great pleasure to stay here. I like the cleanliness most. The behaviour of the staff was excellent. The room was excellent. The swimming pool was also charming. The washroom was so clean. The room service was great.The morning breakfast was also great.. There is nothing to unlike. But I think the restaurant prices should be less and there should be more types of cuisine. || Location and Staff are so Good. Only Location and Staff. Very bed smell in Every room… Toilet is unclean, AC is not working properly, Carpet is Smelly… Cockroach is roaming in the room || Very good. Cost effective, wonderful location, nice swimming pool well behaved staff. Bed was too small and Food items were limited and taste was not upto the mark. || Kind & Supportive.. Our flight was delayed, so we had to stay a few more hours than the official check out time. They let us stay complimentary till the evening. Thanks to the management for their kind support and hospitality.",Attractions & Activities > Heritage & Archaeological Tourism,Historical landmark and ancient city tours,"Travelers interested in exploring rich history, colonial architecture, and archaeological sites like Lalbagh Fort, Panam City, and ancient mosques.",0,,2026-10-05T21:20:06Z
37,T5-P02,5,P02,"tea, garden, tea garden, sreemangal",16,Srimangal Tea Garden (16),"Nice place to spend quality time with many tea garden and resorts || It is an attractive place. The garden of tea trees are looking like the carpet of nature. Very much relaxing place. But the salary of tea workers are so lest. It's just 180 tk per day. That was so poor for a person to live with his family. The Authorities should look after on that matter. || Sreemangal is known as the tea capital of Bangladesh. It covers an overall are of 450 sq. km. The opulent green tea plantation attracts most tourists. It has overall 163 tea plantations. The tea of highest quality is produced here. || Sometimes called The Capital of Tea garden in Sreemongal.There are terraced tea gardens and pineapple, rubber, and lemon plantation.",Attractions & Activities > Coastal & Beach Tourism,Coastal beach and coral island excursions,"Travelers seeking scenic beach walks, sunsets, and relaxing coastal atmospheres in destinations like Cox's Bazar and Saint Martin's Island.",0,,2026-10-05T21:20:22Z
38,T9-P02,9,P02,"place, historical place, historical, visit",7,Sixty Dome Mosque (3); Lalbagh Fort (2); Sompur Mahavihar (Paharpur) (2),"Amazing historical place! The architecture is unique and the environment is calm and beautiful. A must-visit spot in Bagerhat. Highly recommended! || Good historical place to visit. There was some foreigner. This place is well maintained and I had a good experience. You can learn Old history and architecture from this place. || Visited after 15 years. Great place, carries great history. The environment is great. (The flower garden was amazing...I visited in winter).The Museum has many thousand year old sculptures. This museum and archaeological site is simply one of the best symbol of our past, our culture. || It's a historical place and really beautiful place to visit.",Attractions & Activities > Coastal & Beach Tourism,Coastal beach and coral island excursions,"Travelers seeking scenic beach walks, sunsets, and relaxing coastal atmospheres in destinations like Cox's Bazar and Saint Martin's Island.",0,,2026-10-05T21:20:28Z
39,T3-P02,3,P02,"bandarban, nilachal, place, tourist",32,Nilachal Tourist Center (18); Jaflong Zero Point (5); Srimangal Tea Garden (2); Kaptai Lake (2),"The Nilachal Tourist Center, located in Bangladesh, is a popular destination known for its natural beauty and serene surroundings. It offers visitors a peaceful retreat amidst lush greenery and scenic landscapes. The center provides facilities for tourists to relax and enjoy nature, making it a favorable spot for those seeking tranquility and a break from urban life. || This a wonderful place for tourism. it's more beautiful in July to September 💕. || Natural Vive, one ride like a walk in heaven of nature. Truly amazing. || Great place to visit and shopping as well. Highly recommended for tourists among any countries and any areas, where you can swim as well.",Attractions & Activities > Coastal & Beach Tourism,Coastal beach and coral island excursions,"Travelers seeking scenic beach walks, sunsets, and relaxing coastal atmospheres in destinations like Cox's Bazar and Saint Martin's Island.",0,,2026-10-05T21:20:37Z
40,T3-P01,3,P01,"bandarban, nilachal, place, tourist",32,Nilachal Tourist Center (18); Jaflong Zero Point (5); Srimangal Tea Garden (2); Kaptai Lake (2),"The Nilachal Tourist Center, located in Bangladesh, is a popular destination known for its natural beauty and serene surroundings. It offers visitors a peaceful retreat amidst lush greenery and scenic landscapes. The center provides facilities for tourists to relax and enjoy nature, making it a favorable spot for those seeking tranquility and a break from urban life. || This a wonderful place for tourism. it's more beautiful in July to September 💕. || Natural Vive, one ride like a walk in heaven of nature. Truly amazing. || Great place to visit and shopping as well. Highly recommended for tourists among any countries and any areas, where you can swim as well.",Accommodation > Hotel & Resort Services,Quality hotel accommodation and staff service,"Travelers seeking comfortable hotel stays with clean rooms, good value, and hospitable staff service.",0,,2026-10-05T21:20:50Z
41,T9-P01,9,P01,"place, historical place, historical, visit",7,Sixty Dome Mosque (3); Lalbagh Fort (2); Sompur Mahavihar (Paharpur) (2),"Amazing historical place! The architecture is unique and the environment is calm and beautiful. A must-visit spot in Bagerhat. Highly recommended! || Good historical place to visit. There was some foreigner. This place is well maintained and I had a good experience. You can learn Old history and architecture from this place. || Visited after 15 years. Great place, carries great history. The environment is great. (The flower garden was amazing...I visited in winter).The Museum has many thousand year old sculptures. This museum and archaeological site is simply one of the best symbol of our past, our culture. || It's a historical place and really beautiful place to visit.",Accommodation > Hotel & Resort Services,Quality hotel accommodation and staff service,"Travelers seeking comfortable hotel stays with clean rooms, good value, and hospitable staff service.",0,,2026-10-05T21:20:59Z
42,T0-P04,0,P04,"good, room, staff, hotel",239,Hoque Tower International (20); Foy's Lake Resort (20); The Crystal Rose Hotel (20); Sylhet Paradise Inn (20),"It was really a great pleasure to stay here. I like the cleanliness most. The behaviour of the staff was excellent. The room was excellent. The swimming pool was also charming. The washroom was so clean. The room service was great.The morning breakfast was also great.. There is nothing to unlike. But I think the restaurant prices should be less and there should be more types of cuisine. || Location and Staff are so Good. Only Location and Staff. Very bed smell in Every room… Toilet is unclean, AC is not working properly, Carpet is Smelly… Cockroach is roaming in the room || Very good. Cost effective, wonderful location, nice swimming pool well behaved staff. Bed was too small and Food items were limited and taste was not upto the mark. || Kind & Supportive.. Our flight was delayed, so we had to stay a few more hours than the official check out time. They let us stay complimentary till the evening. Thanks to the management for their kind support and hospitality.",Attractions & Activities > Nature & Adventure Tourism,Hill tracts and scenic lake exploration,"Travelers seeking panoramic hilltop views, peaceful environments, and scenic boat rides in Bandarban and Kaptai Lake.",0,,2026-10-05T21:21:11Z
43,T5-P01,5,P01,"tea, garden, tea garden, sreemangal",16,Srimangal Tea Garden (16),"Nice place to spend quality time with many tea garden and resorts || It is an attractive place. The garden of tea trees are looking like the carpet of nature. Very much relaxing place. But the salary of tea workers are so lest. It's just 180 tk per day. That was so poor for a person to live with his family. The Authorities should look after on that matter. || Sreemangal is known as the tea capital of Bangladesh. It covers an overall are of 450 sq. km. The opulent green tea plantation attracts most tourists. It has overall 163 tea plantations. The tea of highest quality is produced here. || Sometimes called The Capital of Tea garden in Sreemongal.There are terraced tea gardens and pineapple, rubber, and lemon plantation.",Accommodation > Hotel & Resort Services,Quality hotel accommodation and staff service,"Travelers seeking comfortable hotel stays with clean rooms, good value, and hospitable staff service.",0,,2026-10-05T21:21:28Z
44,T0-P05,0,P05,"good, room, staff, hotel",239,Hoque Tower International (20); Foy's Lake Resort (20); The Crystal Rose Hotel (20); Sylhet Paradise Inn (20),"It was really a great pleasure to stay here. I like the cleanliness most. The behaviour of the staff was excellent. The room was excellent. The swimming pool was also charming. The washroom was so clean. The room service was great.The morning breakfast was also great.. There is nothing to unlike. But I think the restaurant prices should be less and there should be more types of cuisine. || Location and Staff are so Good. Only Location and Staff. Very bed smell in Every room… Toilet is unclean, AC is not working properly, Carpet is Smelly… Cockroach is roaming in the room || Very good. Cost effective, wonderful location, nice swimming pool well behaved staff. Bed was too small and Food items were limited and taste was not upto the mark. || Kind & Supportive.. Our flight was delayed, so we had to stay a few more hours than the official check out time. They let us stay complimentary till the evening. Thanks to the management for their kind support and hospitality.",Attractions & Activities > Ecotourism & Wildlife,Ecotourism and forest boat safaris,"Travelers looking to experience unique ecosystems, lush tea gardens, swamp forests, and mangrove wildlife in Sreemangal, Ratargul, and the Sundarbans.",0,,2026-10-05T21:21:43Z
45,T3-P04,3,P04,"bandarban, nilachal, place, tourist",32,Nilachal Tourist Center (18); Jaflong Zero Point (5); Srimangal Tea Garden (2); Kaptai Lake (2),"The Nilachal Tourist Center, located in Bangladesh, is a popular destination known for its natural beauty and serene surroundings. It offers visitors a peaceful retreat amidst lush greenery and scenic landscapes. The center provides facilities for tourists to relax and enjoy nature, making it a favorable spot for those seeking tranquility and a break from urban life. || This a wonderful place for tourism. it's more beautiful in July to September 💕. || Natural Vive, one ride like a walk in heaven of nature. Truly amazing. || Great place to visit and shopping as well. Highly recommended for tourists among any countries and any areas, where you can swim as well.",Attractions & Activities > Nature & Adventure Tourism,Hill tracts and scenic lake exploration,"Travelers seeking panoramic hilltop views, peaceful environments, and scenic boat rides in Bandarban and Kaptai Lake.",1,,2026-10-05T21:22:30Z
46,T2-P01,2,P01,"dhaka, history, historical, visit",73,Ahsan Manzil Museum (18); Sixty Dome Mosque (17); Sompur Mahavihar (Paharpur) (15); Jaflong Zero Point (11),"A fabled place, a remarkable heritage site steeped in history and a beautiful specimen of heritage architecture. A UNESCO world heritage site. Unfortunately it is closed on most public holidays and no importance is given to the tourists, of course it's a mosque but both can be maintained if authorities are willing. || Ahsan Manzil is a historic palace situated in Kumartoli along the banks of Buriganga River in Dhaka, Bangladesh. It served as the official residence and administrative seat of the Nawab of Dhaka during the late 19th and early 20th centuries. Credit:-Wikipedia || Nice place to explore the rich and ancient history of Bangladesh from 13th century. Every single archaeological remains bear witness of the Bengal's architectural, cultural and historical elegance that was once admired throughout the world. Those who love exploring history and ancient architectures, this is a must visit site, just an hour from Dhaka. || Somapura Mahavihara was one of the most famous Buddhist monastic institutions of ancient Bengal.",Accommodation > Hotel & Resort Services,Quality hotel accommodation and staff service,"Travelers seeking comfortable hotel stays with clean rooms, good value, and hospitable staff service.",0,,2026-10-05T21:22:41Z
47,T4-P01,4,P01,"panam, city, panam city, sonargaon",17,Panam City (17),"Visited Panam City on our picnic after exploring Sonargaon Museum, and it was an amazing experience. The old historic buildings, long streets, and quiet atmosphere make the place feel like a step back in time. It’s a great spot for walking, taking photos, and learning about history with friends. Perfect addition to a university picnic and a must-visit place near Sonargaon. || This place is a historical place in Sonargaon,Narayanganj called PanamNagar or Panam City.It's best for Picnic and Study Tour. || Panam City, located in Sonargaon near Dhaka, is one of the most fascinating historical heritage sites in Bangladesh. The abandoned city features a row of beautiful 19th-century colonial-style buildings that once belonged to wealthy Hindu merchants. Walking through the quiet, narrow street feels like stepping back in time — the architecture, broken windows, and fading walls tell stories of the past. || Panam City is a hauntingly beautiful ancient town that takes you back to the early 19th century. The narrow streets lined with old, grand buildings reflect the wealthy lifestyle of the past merchants. It is one of the most well-preserved historical sites in Bangladesh. Walking through these ruins feels like traveling through time. A perfect spot for history buffs and photographers.",Accommodation > Hotel & Resort Services,Quality hotel accommodation and staff service,"Travelers seeking comfortable hotel stays with clean rooms, good value, and hospitable staff service.",0,,2026-10-05T21:22:47Z
48,T0-P02,0,P02,"good, room, staff, hotel",239,Hoque Tower International (20); Foy's Lake Resort (20); The Crystal Rose Hotel (20); Sylhet Paradise Inn (20),"It was really a great pleasure to stay here. I like the cleanliness most. The behaviour of the staff was excellent. The room was excellent. The swimming pool was also charming. The washroom was so clean. The room service was great.The morning breakfast was also great.. There is nothing to unlike. But I think the restaurant prices should be less and there should be more types of cuisine. || Location and Staff are so Good. Only Location and Staff. Very bed smell in Every room… Toilet is unclean, AC is not working properly, Carpet is Smelly… Cockroach is roaming in the room || Very good. Cost effective, wonderful location, nice swimming pool well behaved staff. Bed was too small and Food items were limited and taste was not upto the mark. || Kind & Supportive.. Our flight was delayed, so we had to stay a few more hours than the official check out time. They let us stay complimentary till the evening. Thanks to the management for their kind support and hospitality.",Attractions & Activities > Coastal & Beach Tourism,Coastal beach and coral island excursions,"Travelers seeking scenic beach walks, sunsets, and relaxing coastal atmospheres in destinations like Cox's Bazar and Saint Martin's Island.",0,,2026-10-05T21:23:11Z
49,T1-P02,1,P02,"beach, sea, island, sea beach",76,Saint Martins Island (19); Cox's Bazar Beach (18); Guliakhali Sea Beach (16); Kuakata Beach (14),"You can spend all the day without any tiredness! Such a soothing & peaceful place it is! Please must do a ride on boat! || The saint martine beach is a beautiful place. The sand is soft and warm. The water is cool and refreshing. The sun shines brightly. It is a perfect place to relax and enjoy the beauty of nature. Best place in Bangladesh. || Cox's Bazar Beach located at Cox's Bazar, Bangladesh, is the longest natural sea beach in the world running 120 kilometres (75 mi). According to a survey of Bangladesh Bureau of Statistics in December 2021, each year 17% of the citizens of the country visit Cox's Bazar, which is about 3 million. However, the number of trips to Cox's Bazar beach is declining due to various issues. || Guliakhali Sea Beach has a nice view. I went with friends from Dhaka University of Engineering and Technology. The beach itself is quite pretty, but it did seem a bit muddy in some areas. ☀️ It's a decent spot for a day trip. 🚶 The atmosphere was okay. 🌊",Attractions & Activities > Coastal & Beach Tourism,Coastal beach and coral island excursions,"Travelers seeking scenic beach walks, sunsets, and relaxing coastal atmospheres in destinations like Cox's Bazar and Saint Martin's Island.",1,,2026-10-05T21:23:17Z
50,T0-P01,0,P01,"good, room, staff, hotel",239,Hoque Tower International (20); Foy's Lake Resort (20); The Crystal Rose Hotel (20); Sylhet Paradise Inn (20),"It was really a great pleasure to stay here. I like the cleanliness most. The behaviour of the staff was excellent. The room was excellent. The swimming pool was also charming. The washroom was so clean. The room service was great.The morning breakfast was also great.. There is nothing to unlike. But I think the restaurant prices should be less and there should be more types of cuisine. || Location and Staff are so Good. Only Location and Staff. Very bed smell in Every room… Toilet is unclean, AC is not working properly, Carpet is Smelly… Cockroach is roaming in the room || Very good. Cost effective, wonderful location, nice swimming pool well behaved staff. Bed was too small and Food items were limited and taste was not upto the mark. || Kind & Supportive.. Our flight was delayed, so we had to stay a few more hours than the official check out time. They let us stay complimentary till the evening. Thanks to the management for their kind support and hospitality.",Accommodation > Hotel & Resort Services,Quality hotel accommodation and staff service,"Travelers seeking comfortable hotel stays with clean rooms, good value, and hospitable staff service.",1,,2026-10-05T21:23:22Z
