entity_id,canonical_name,entity_type,gem_score,visibility,n_reviews,n_mentions,state,publishable,decided_by,decided_at_utc,reason,divisions,n_evidence,example_evidence,example_found_in
E0016,Gangamati,PLACE,0.6897,V0,2,3,candidate,False,,,,Barishal,3,"* Gangamati Reserved Forest: Just a short distance away, this mangrove forest adds a layer of mystery and wilderness, where nature thrives in silence.",Kuakata Beach
E0036,Pashur,PLACE,0.6164,V1,4,5,candidate,False,,,,Khulna,5,The journey itself is part of the adventure—taking an engine boat from the Mongla Ferry Ghat through the Pashur River to reach the center.,Sundarbans (Karamjal Wildlife Centre)
E0003,Bandarban,PLACE,0.6089,V3,12,21,candidate,False,,,,Chattogram,21,"​Located about 2,000 feet above sea level and just 5 km from Bandarban town, Nilachal is often called the ""Darjeeling of Bangladesh.",Nilachal Tourist Center
E0040,Saint Martin,PLACE,0.6076,V3,14,25,candidate,False,,,,Chattogram,25,"Nearby, Saint Martin's Island, the only coral island in Bangladesh, attracts travelers with its turquoise water, fresh seafood, and peaceful island vibe.",Cox's Bazar Beach
E0044,Sitakunda,PLACE,0.6043,V2,7,12,candidate,False,,,,Chattogram,12,⛱️Guliakhali Sea Beach is one of the most beautiful natural attractions in Sitakunda.,Guliakhali Sea Beach
E0047,Sonargaon,PLACE,0.5956,V3,13,22,candidate,False,,,,Dhaka,22,"Panam Nagar is a historic ancient city located in Sonargaon, Narayanganj District, Bangladesh.",Panam City
E0031,Mongla,PLACE,0.5744,V2,6,10,candidate,False,,,,Khulna,10,"I visited as part of a trip from Mongla, and it serves as a fantastic, practical introduction to the mangroves.",Sundarbans (Karamjal Wildlife Centre)
E0073,Muradpur,PLACE,0.5142,V2,4,4,candidate,False,,,,Chattogram,4,Near to muradpur village.,Guliakhali Sea Beach
E0012,Cox's Bazar,PLACE,0.4948,V3,5,5,candidate,False,,,,Barishal|Chattogram,5,"Tourists are interested for the a sea cruise from Cox's Bazar or Naf river cruise from mainland to the island,blue sea water,white sand beach & fresh sea fish.",Saint Martins Island
E0002,Bagerhat,PLACE,0.4855,V3,6,10,candidate,False,,,,Khulna,10,"Sixty Dome Mosque (Shat Gombuj Masjid), Bagerhat I recently visited the magnificent Sixty Dome Mosque, and it was truly one of the most memorable historical and cultural experiences I have had in Bang",Sixty Dome Mosque
E0037,Rangamati,PLACE,0.4335,V3,5,9,candidate,False,,,,Chattogram,9,"Rangamati is a breathtakingly beautiful district in the Chittagong Hill Tracts of southeastern Bangladesh, known for its stunning natural landscapes, diverse indigenous cultures, and peaceful lake vie",Kaptai Lake
E0050,Sundarbans,PLACE,0.4081,V3,3,3,candidate,False,,,,Chattogram|Khulna|Sylhet,3,"During the rainy season, the forest transforms into a magical water kingdom, often earning it the nickname “The Amazon of Bangladesh” or “The Sundarbans of Sylhet.",Ratargul Swamp Forest
E0048,Sreemangal,PLACE,0.3689,V3,3,13,candidate,False,,,,Sylhet,13,🌿 Visitor Review – Sreemangal Tea Gardens Visiting the tea gardens of Sreemangal was an unforgettable part of my trip to northeast Bangladesh.,Srimangal Tea Garden
