entity_id,name,visibility,visibility_reason,osm_found,osm_category,osm_type,osm_importance,osm_display_name,wikidata_found,wikidata_qid,wikidata_label,wikidata_sitelinks,lat,lng,osm_status,wikidata_status
E0040,Saint Martin,V3,"well documented: 102 Wikidata sitelink(s), OSM importance 0.1467",True,place,village,0.1467,"সেন্ট মার্টিন, কক্সবাজার জেলা, চট্টগ্রাম বিভাগ, বাংলাদেশ",True,Q126125,Saint-Martin,102.0,20.6332413,92.3247934,ok,ok
E0047,Sonargaon,V3,"well documented: 21 Wikidata sitelink(s), OSM importance 0.16",True,place,town,0.16,"সোনারগাঁও, সোনারগাঁও উপজেলা, নারায়নগঞ্জ জেলা, ঢাকা বিভাগ, 1440, বাংলাদেশ",True,Q3350313,Sonargaon,21.0,23.6382482,90.5992301,ok,ok
E0003,Bandarban,V3,"well documented: 36 Wikidata sitelink(s), OSM importance 0.4961",True,boundary,administrative,0.4961,"বান্দরবান পার্বত্য জেলা, চট্টগ্রাম বিভাগ, 4640, বাংলাদেশ",True,Q806273,Bandarban District,36.0,21.787476,92.4124752,ok,ok
E0048,Sreemangal,V3,"well documented: 19 Wikidata sitelink(s), OSM importance 0.3776",True,boundary,administrative,0.3776,"শ্রীমঙ্গল উপজেলা, মৌলভীবাজার জেলা, সিলেট বিভাগ, বাংলাদেশ",True,Q1025629,Sreemangal Upazila,19.0,24.3098643,91.7308729,ok,ok
E0044,Sitakunda,V2,"moderately documented: 16 sitelink(s), OSM importance 0.16",True,place,town,0.16,"সীতাকুণ্ড, সীতাকুণ্ড উপজেলা, চট্টগ্রাম জেলা, চট্টগ্রাম বিভাগ, বাংলাদেশ",True,Q3346765,Sitakunda Upazila,16.0,22.61804,91.6586606,ok,ok
E0002,Bagerhat,V3,"well documented: 33 Wikidata sitelink(s), OSM importance 0.1867",True,place,city,0.1867,"বাগেরহাট, বাগেরহাট সদর উপজেলা, বাগেরহাট জেলা, খুলনা বিভাগ, 9300, বাংলাদেশ",True,Q2344861,Bagerhat District,33.0,22.6554781,89.7941813,ok,ok
E0031,Mongla,V2,"moderately documented: 13 sitelink(s), OSM importance 0.16",True,place,town,0.16,"মোংলা, মোংলা উপজেলা, বাগেরহাট জেলা, খুলনা বিভাগ, 9350, বাংলাদেশ",True,Q3351177,Mongla Upazila,13.0,22.4679228,89.6040074,ok,ok
E0037,Rangamati,V3,"well documented: 21 Wikidata sitelink(s), OSM importance 0.1867",True,place,city,0.1867,"রাঙ্গামাটি, রাঙ্গামাটি সদর উপজেলা, রাঙ্গামাটি পার্বত্য জেলা, চট্টগ্রাম বিভাগ, 0351, বাংলাদেশ",True,Q1248027,Rangamati,21.0,22.6509208,92.1814332,ok,ok
E0012,Cox's Bazar,V3,"well documented: 30 Wikidata sitelink(s), OSM importance 0.4988",True,boundary,administrative,0.4988,"কক্সবাজার জেলা, চট্টগ্রাম বিভাগ, বাংলাদেশ",True,Q1122278,Cox's Bazar District,30.0,21.4420039,91.9812464,ok,ok
E0036,Pashur,V1,present in OpenStreetMap but barely documented,True,tourism,hotel,0.0,"Hotel Pashur Mongla, Khulna - Mongla Highway, দিগরাজ, মোংলা, মোংলা উপজেলা, বাগেরহাট জেলা, খুলনা বিভাগ, 9350, বাংলাদেশ",True,Q7142075,Pashur,3.0,22.473857,89.5976308,ok,ok
E0073,Muradpur,V2,"moderately documented: 1 sitelink(s), OSM importance 0.1067",True,natural,water,0.1067,"Muradpur, সীতাকুণ্ড, সীতাকুণ্ড উপজেলা, চট্টগ্রাম জেলা, চট্টগ্রাম বিভাগ, বাংলাদেশ",True,Q60653894,Muradpur,1.0,22.5987517,91.6671759,ok,ok
E0050,Sundarbans,V3,"well documented: 77 Wikidata sitelink(s), OSM importance 0.5044",True,boundary,protected_area,0.5044,"Sundarbans, খুলনা বিভাগ, বাংলাদেশ",True,Q4526,Sundarbans,77.0,22.0239887,89.3136036,ok,ok
E0016,Gangamati,V0,not found in OpenStreetMap or Wikidata,False,,,,,False,,,,,,ok,ok
E0021,Guliyakhali,V0,not found in OpenStreetMap or Wikidata,False,,,,,False,,,,,,ok,ok
E0013,Fatrar Chor,V0,not found in OpenStreetMap or Wikidata,False,,,,,False,,,,,,ok,ok
E0014,Fokirhat,V1,present in OpenStreetMap but barely documented,True,amenity,place_of_worship,0.0001,"Nur Mohammad Jame Mosque, Fokirhat, Nur Mohammad Bari Road, South Salimpur, Chattogram, ঢাকা - চট্টগ্রাম মহাসড়ক, চট্টগ্রাম, চট্টগ্রাম শহর, চট্টগ্রাম জেলা, চট্টগ্রাম বিভাগ, 4207, বাংলাদেশ",False,,,,22.3886783,91.763124,ok,ok
E0009,Chandranath,V2,"moderately documented: 2 sitelink(s), OSM importance 0.2416",True,amenity,place_of_worship,0.2416,"Chandranath Temple, College Rd, Sitakund, Chittagong, সীতাকুণ্ড, সীতাকুণ্ড উপজেলা, চট্টগ্রাম জেলা, চট্টগ্রাম বিভাগ, বাংলাদেশ",True,Q19571227,Chandranath,2.0,22.6334911,91.6846607,ok,ok
E0010,Chor Bijoy,V0,not found in OpenStreetMap or Wikidata,False,,,,,False,,,,,,ok,ok
E0006,Boga Lake,V1,present in Wikidata but barely documented,False,,,,,True,Q4937325,Boga Lake,1.0,,,ok,ok
E0030,Madhabpur Lake,V2,"moderately documented: 6 sitelink(s), OSM importance 0.0",False,,,,,True,Q1134088,Madhobpur Lake,6.0,,,ok,ok
E0033,Nilgiri,V1,present in Wikidata but barely documented,False,,,,,True,Q15940806,Nilgirianthus,1.0,,,ok,ok
E0042,Sardar Bari,V1,present in OpenStreetMap but barely documented,True,building,house,0.0,"Sardar Bari, Satkhira - Kaliganj Highway থুলনা সাতক্ষীরা বিশ্বরোড, সাতক্ষীরা, সাতক্ষীরা সদর উপজেলা, সাতক্ষীরা জেলা, খুলনা বিভাগ, 9400, বাংলাদেশ",True,Q139570148,Sardar Barir Khela,2.0,22.7220777,89.0700397,ok,ok
E0029,Lawachara,V1,present in OpenStreetMap but barely documented,True,tourism,attraction,0.0,"Lawachara forest village, 30 minutes trail, কমলগঞ্জ উপজেলা, মৌলভীবাজার জেলা, সিলেট বিভাগ, 3210, বাংলাদেশ",True,Q3350641,Lawachara National Park,,24.3281417,91.7773881,ok,ok
