entity_id,canonical_name,entity_type,gem_score,n_reviews,n_mentions,n_sources,n_years,visibility,already_official,term_mentions,term_sentiment,term_hidden,term_distinct,term_recency,terms_used,n_sentiment_sentences,sentiment_method,distinct_method
E0016,Gangamati,PLACE,0.6897,2,3,1,2,V0,False,0.2,0.6574,1.0,0.8741,1.0,distinct|hidden|mentions|recency|sentiment,3,vader-en,tfidf-lexical
E0036,Pashur,PLACE,0.6164,4,5,1,2,V1,False,0.4,0.5925,0.65,0.7499,1.0,distinct|hidden|mentions|recency|sentiment,5,vader-en,tfidf-lexical
E0003,Bandarban,PLACE,0.6089,12,21,1,3,V3,True,1.0,0.7226,0.0,0.67,1.0,distinct|hidden|mentions|recency|sentiment,21,vader-en,tfidf-lexical
E0040,Saint Martin,PLACE,0.6076,14,25,1,3,V3,True,1.0,0.7899,0.0,0.5939,1.0,distinct|hidden|mentions|recency|sentiment,25,vader-en,tfidf-lexical
E0044,Sitakunda,PLACE,0.6043,7,12,1,2,V2,False,0.7,0.6435,0.3,0.7183,1.0,distinct|hidden|mentions|recency|sentiment,12,vader-en,tfidf-lexical
E0047,Sonargaon,PLACE,0.5956,13,22,1,2,V3,True,1.0,0.6199,0.0,0.6841,1.0,distinct|hidden|mentions|recency|sentiment,22,vader-en,tfidf-lexical
E0031,Mongla,PLACE,0.5744,6,10,1,2,V2,False,0.6,0.5796,0.3,0.7832,1.0,distinct|hidden|mentions|recency|sentiment,10,vader-en,tfidf-lexical
E0073,Muradpur,PLACE,0.5142,4,4,1,2,V2,False,0.4,0.6173,0.3,0.7443,1.0,distinct|hidden|mentions|recency|sentiment,4,vader-en,tfidf-lexical
E0012,Cox's Bazar,PLACE,0.4948,5,5,1,3,V3,True,0.5,0.8068,0.0,0.8252,1.0,distinct|hidden|mentions|recency|sentiment,5,vader-en,tfidf-lexical
E0002,Bagerhat,PLACE,0.4855,6,10,1,2,V3,True,0.6,0.6429,0.0,0.7274,1.0,distinct|hidden|mentions|recency|sentiment,10,vader-en,tfidf-lexical
E0037,Rangamati,PLACE,0.4335,5,9,1,4,V3,True,0.5,0.7156,0.0,0.7741,0.6,distinct|hidden|mentions|recency|sentiment,9,vader-en,tfidf-lexical
E0050,Sundarbans,PLACE,0.4081,3,3,1,1,V3,True,0.3,0.663,0.0,0.7913,1.0,distinct|hidden|mentions|recency|sentiment,3,vader-en,tfidf-lexical
E0048,Sreemangal,PLACE,0.3689,3,13,1,3,V3,True,0.3,0.7287,0.0,0.6865,0.6667,distinct|hidden|mentions|recency|sentiment,13,vader-en,tfidf-lexical
