entity_id,canonical_name,entity_type,n_variants,n_mentions,n_reviews,districts,divisions,languages
E0040,Saint Martin,PLACE,1,25,14,Cox's Bazar,Chattogram,en
E0047,Sonargaon,PLACE,1,22,13,Narayanganj,Dhaka,en
E0003,Bandarban,PLACE,1,21,12,Bandarban,Chattogram,en
E0048,Sreemangal,PLACE,1,13,3,Moulvibazar,Sylhet,en
E0044,Sitakunda,PLACE,1,12,7,Chattogram,Chattogram,en
E0002,Bagerhat,PLACE,1,10,6,Bagerhat,Khulna,en
E0031,Mongla,PLACE,1,10,6,Bagerhat,Khulna,en
E0037,Rangamati,PLACE,2,9,5,Rangamati,Chattogram,en
E0012,Cox's Bazar,PLACE,2,5,5,Chattogram|Cox's Bazar|Patuakhali,Barishal|Chattogram,en
E0036,Pashur,PLACE,1,5,4,Bagerhat,Khulna,en
E0073,Muradpur,PLACE,2,4,4,Chattogram,Chattogram,en
E0050,Sundarbans,PLACE,1,3,3,Bagerhat|Chattogram|Sylhet,Chattogram|Khulna|Sylhet,en
E0016,Gangamati,PLACE,1,3,2,Patuakhali,Barishal,en
E0021,Guliyakhali,PLACE,1,2,1,Chattogram,Chattogram,en
E0077,take a boat to reach the main beach,ACCESS,1,1,1,Chattogram,Chattogram,en
E0076,take a boat ride to the precise Zero,ACCESS,1,1,1,Sylhet,Sylhet,en
E0013,Fatrar Chor,PLACE,1,1,1,Patuakhali,Barishal,en
E0014,Fokirhat,PLACE,1,1,1,Chattogram,Chattogram,en
E0008,Carry water but don't litter,TIP,1,1,1,Bagerhat,Khulna,en
E0009,Chandranath,PLACE,1,1,1,Chattogram,Chattogram,en
E0007,Carry water,TIP,1,1,1,Chattogram,Chattogram,en
E0010,Chor Bijoy,PLACE,1,1,1,Patuakhali,Barishal,en
E0004,Best Time to Visit,TIP,1,1,1,Chattogram,Chattogram,en
E0006,Boga Lake,PLACE,1,1,1,Bandarban,Chattogram,en
E0005,Best time to visit,TIP,1,1,1,Patuakhali,Barishal,en
E0017,Go early,TIP,1,1,1,Cox's Bazar,Chattogram,en
E0030,Madhabpur Lake,PLACE,1,1,1,Moulvibazar,Sylhet,en
E0033,Nilgiri,PLACE,1,1,1,Bandarban,Chattogram,en
E0042,Sardar Bari,PLACE,1,1,1,Narayanganj,Dhaka,en
E0018,Go in the morning to beat the crowd,TIP,1,1,1,Sylhet,Sylhet,en
E0055,bargain at all the nearby shops,TIP,1,1,1,Sylhet,Sylhet,en
E0063,boat from kaptai station,ACCESS,1,1,1,Rangamati,Chattogram,en
E0065,carry with me,TIP,1,1,1,Cox's Bazar,Chattogram,en
E0064,bus from Dhaka or Chittagong,ACCESS,1,1,1,Chattogram,Chattogram,en
E0067,engine boat from Mongla,ACCESS,1,1,1,Bagerhat,Khulna,en
E0062,best time to visit this place,TIP,1,1,1,Naogaon,Rajshahi,en
E0060,best time to visit is between November and March,TIP,1,1,1,Cox's Bazar,Chattogram,en
E0061,best time to visit is definitely during the,TIP,1,1,1,Sylhet,Sylhet,en
E0059,best time to visit Kuakata is during the cooler,TIP,1,1,1,Patuakhali,Barishal,en
E0056,bargain for the boat price,TIP,1,1,1,Sylhet,Sylhet,en
E0057,bargaining skills mostly,TIP,1,1,1,Rangamati,Chattogram,en
E0058,best time to visit,TIP,1,1,1,Dhaka,Dhaka,en
E0029,Lawachara,PLACE,1,1,1,Moulvibazar,Sylhet,en
E0072,go early morning or evening,TIP,1,1,1,Cox's Bazar,Chattogram,en
E0071,get off at Sitakunda Bazar,ACCESS,1,1,1,Chattogram,Chattogram,en
E0070,get off at Fokirhat Bazar and take a CNG,ACCESS,1,1,1,Chattogram,Chattogram,en
E0075,take a boat,ACCESS,1,1,1,Chattogram,Chattogram,en
E0068,engine boat from kaptai boat station,ACCESS,1,1,1,Rangamati,Chattogram,en
E0078,visit early in the morning for,TIP,1,1,1,Sylhet,Sylhet,en
E0074,take a CNG or auto from there,ACCESS,1,1,1,Chattogram,Chattogram,en
E0069,engine boat from the Mongla Ferry Ghat through,ACCESS,1,1,1,Bagerhat,Khulna,en
E0066,carry your essentials,TIP,1,1,1,Sylhet,Sylhet,en
E0011,Civic Inn,PLACE,1,0,0,Dhaka,Dhaka,
E0001,Ahsan Manzil Museum,PLACE,1,0,0,Dhaka,Dhaka,
E0046,Sompur Mahavihar (Paharpur),PLACE,1,0,0,Naogaon,Rajshahi,
E0045,Sixty Dome Mosque,PLACE,1,0,0,Bagerhat,Khulna,
E0043,Sea Cox Hotel,PLACE,1,0,0,Cox's Bazar,Chattogram,
E0024,Jaflong Zero Point,PLACE,1,0,0,Sylhet,Sylhet,
E0026,Kollol Hotel,PLACE,1,0,0,Cox's Bazar,Chattogram,
E0025,Kaptai Lake,PLACE,1,0,0,Rangamati,Chattogram,
E0028,Lalbagh Fort,PLACE,1,0,0,Dhaka,Dhaka,
E0027,Kuakata Beach,PLACE,1,0,0,Patuakhali,Barishal,
E0019,Green Edge Hotel,PLACE,1,0,0,Dhaka,Dhaka,
E0015,Foy's Lake Resort,PLACE,1,0,0,Chattogram,Chattogram,
E0022,Heritage Hotel Chittagong,PLACE,1,0,0,Chattogram,Chattogram,
E0041,Saint Martins Island,PLACE,1,0,0,Cox's Bazar,Chattogram,
E0039,Royal Pearl Suites,PLACE,1,0,0,Cox's Bazar,Chattogram,
E0032,Nilachal Tourist Center,PLACE,1,0,0,Bandarban,Chattogram,
E0035,Panam City,PLACE,1,0,0,Narayanganj,Dhaka,
E0038,Ratargul Swamp Forest,PLACE,1,0,0,Sylhet,Sylhet,
E0034,Noorjahan Grand Hotel,PLACE,1,0,0,Sylhet,Sylhet,
E0020,Guliakhali Sea Beach,PLACE,1,0,0,Chattogram,Chattogram,
E0023,Hoque Tower International,PLACE,1,0,0,Chattogram,Chattogram,
E0051,Sundarbans (Karamjal Wildlife Centre),PLACE,1,0,0,Bagerhat,Khulna,
E0054,West Park Inn,PLACE,1,0,0,Dhaka,Dhaka,
E0052,Sylhet Paradise Inn,PLACE,1,0,0,Sylhet,Sylhet,
E0053,The Crystal Rose Hotel,PLACE,1,0,0,Sylhet,Sylhet,
E0049,Srimangal Tea Garden,PLACE,1,0,0,Moulvibazar,Sylhet,
