review_id,audience,basis,user_location,language_label,source,place_name
Ci9DQUlRQUNvZENodHljRjlvT21wR2RuTXpNR3gyV1hSVFdsOVZkSFkzVmpaWFdXYxAB,unknown,"no location, and wrote in English",,en,google_maps,Cox's Bazar Beach
Ci9DQUlRQUNvZENodHljRjlvT21kelExZHBSVjlXUld4WVozWkVkSGxLYm1OS1MyYxAB,unknown,"no location, and wrote in English",,en,google_maps,Cox's Bazar Beach
Ci9DQUlRQUNvZENodHljRjlvT2pSRVYyWndTVVZUZDJSeFRVTndVVk5LU2xkb1JIYxAB,unknown,"no location, and wrote in English",,en,google_maps,Cox's Bazar Beach
Ci9DQUlRQUNvZENodHljRjlvT2pKd01VNWZPRE14U1ZsVWRtSmpWa2R0VFY5RU0wRRAB,unknown,"no location, and wrote in English",,en,google_maps,Cox's Bazar Beach
Ci9DQUlRQUNvZENodHljRjlvT2xkbFZUUkVaVTVyWjFJeVpYVjBjVFZMVldwdk5rRRAB,unknown,"no location, and wrote in English",,en,google_maps,Cox's Bazar Beach
Ci9DQUlRQUNvZENodHljRjlvT2taUmIzRnpUM0Y2YldwRVJWRk9lbGxDTFV4dmVHYxAB,unknown,"no location, and wrote in English",,en,google_maps,Cox's Bazar Beach
Ci9DQUlRQUNvZENodHljRjlvT2twNldqQTJkMVYwYmpOM2FFTlNTVGR5TW5CRmIyYxAB,unknown,"no location, and wrote in English",,en,google_maps,Cox's Bazar Beach
Ci9DQUlRQUNvZENodHljRjlvT25GMmJURkViak5DVDAxM2NuZFRZVVJFVEhFeWNuYxAB,unknown,"no location, and wrote in English",,en,google_maps,Cox's Bazar Beach
ChdDSUhNMG9nS0VJQ0FnSUNyNzd2cW5RRRAB,unknown,"no location, and wrote in English",,en,google_maps,Cox's Bazar Beach
ChZDSUhNMG9nS0VJQ0FnSUN2bzYtVEZnEAE,unknown,"no location, and wrote in English",,en,google_maps,Cox's Bazar Beach
ChZDSUhNMG9nS0VJQ0FnSUN2b3ZQR0NREAE,unknown,"no location, and wrote in English",,en,google_maps,Cox's Bazar Beach
ChZDSUhNMG9nS0VJQ0FnSURUemVfeGFnEAE,unknown,"no location, and wrote in English",,en,google_maps,Cox's Bazar Beach
Ci9DQUlRQUNvZENodHljRjlvT2tOTWNsZE5XRGhKVkd0TFJGSXlUR3hDWDFsbU4wRRAB,unknown,"no location, and wrote in English",,en,google_maps,Cox's Bazar Beach
ChZDSUhNMG9nS0VJQ0FnSUNYdXBpSkJREAE,unknown,"no location, and wrote in English",,en,google_maps,Cox's Bazar Beach
ChdDSUhNMG9nS0VJQ0FnSUNzaHNxZXFnRRAB,unknown,"no location, and wrote in English",,en,google_maps,Cox's Bazar Beach
Ci9DQUlRQUNvZENodHljRjlvT2kxWUxWOXNZamxoTTFKNWNFdEJkekJOU1hsRVNXYxAB,unknown,"no location, and wrote in English",,en,google_maps,Cox's Bazar Beach
ChZDSUhNMG9nS0VJQ0FnSUMxX0l6QUlREAE,unknown,"no location, and wrote in English",,en,google_maps,Cox's Bazar Beach
ChdDSUhNMG9nS0VJQ0FnSUNzZ3F5N3VBRRAB,unknown,"no location, and wrote in English",,en,google_maps,Cox's Bazar Beach
Ci9DQUlRQUNvZENodHljRjlvT2pobVJGbExNRlk1YjFKWmFrRkxjbEV3YWxaeVJHYxAB,unknown,"no location, and wrote in English",,en,google_maps,Cox's Bazar Beach
ChdDSUhNMG9nS0VJQ0FnSUM3ck1haTJRRRAB,unknown,"no location, and wrote in English",,en,google_maps,Cox's Bazar Beach
Ci9DQUlRQUNvZENodHljRjlvT21OdFlucGlNbDg0T1hCdmNYRmZMVjgzUVhOUmRXYxAB,unknown,"no location, and wrote in English",,en,google_maps,Srimangal Tea Garden
Ci9DQUlRQUNvZENodHljRjlvT21KNmJsQklYMVJUYW1WMWRqVklTRmQ0YVRoeE4zYxAB,unknown,"no location, and wrote in English",,en,google_maps,Srimangal Tea Garden
Ci9DQUlRQUNvZENodHljRjlvT2kxM2N6ZzVRVlZJVDFsM1RtMWhTVm81YWpCMGMzYxAB,unknown,"no location, and wrote in English",,en,google_maps,Srimangal Tea Garden
ChZDSUhNMG9nS0VJQ0FnSUR5MktuUEVREAE,unknown,"no location, and wrote in English",,en,google_maps,Srimangal Tea Garden
ChZDSUhNMG9nS0VJQ0FnSURidk5QM1JREAE,unknown,"no location, and wrote in English",,en,google_maps,Srimangal Tea Garden
ChdDSUhNMG9nS0VJQ0FnSUR4bS1tc2tRRRAB,unknown,"no location, and wrote in English",,en,google_maps,Srimangal Tea Garden
ChZDSUhNMG9nS0VJQ0FnSURXNm82WUhREAE,unknown,"no location, and wrote in English",,en,google_maps,Srimangal Tea Garden
ChdDSUhNMG9nS0VJQ0FnSURSM3JpbnRBRRAB,unknown,"no location, and wrote in English",,en,google_maps,Srimangal Tea Garden
ChZDSUhNMG9nS0VJQ0FnSURleUtTOFp3EAE,unknown,"no location, and wrote in English",,en,google_maps,Srimangal Tea Garden
ChZDSUhNMG9nS0VJQ0FnTURvbEtmWUlBEAE,unknown,"no location, and wrote in English",,en,google_maps,Srimangal Tea Garden
Ci9DQUlRQUNvZENodHljRjlvT2toUFRGZFlWMVkzWlVSdVZsTndhRnBsZEVwdWFsRRAB,unknown,"no location, and wrote in English",,en,google_maps,Srimangal Tea Garden
Ci9DQUlRQUNvZENodHljRjlvT2pCUmVsZDVWRmQwU2xsc1pIY3dkVkZWWTNoVmRGRRAB,unknown,"no location, and wrote in English",,en,google_maps,Srimangal Tea Garden
Ci9DQUlRQUNvZENodHljRjlvT2xoTlkwSjZhbGhXVFdodFJrRnVVMDlZV1hwV1RWRRAB,unknown,"no location, and wrote in English",,en,google_maps,Srimangal Tea Garden
ChdDSUhNMG9nS0VJQ0FnSUNoX3RtOXlnRRAB,unknown,"no location, and wrote in English",,en,google_maps,Srimangal Tea Garden
ChdDSUhNMG9nS0VJQ0FnSUQybU9yTDJRRRAB,unknown,"no location, and wrote in English",,en,google_maps,Srimangal Tea Garden
ChdDSUhNMG9nS0VJQ0FnSUNkdmFtV3dnRRAB,unknown,"no location, and wrote in English",,en,google_maps,Srimangal Tea Garden
ChdDSUhNMG9nS0VJQ0FnSUNPXzkzOWtBRRAB,unknown,"no location, and wrote in English",,en,google_maps,Srimangal Tea Garden
ChdDSUhNMG9nS0VJQ0FnSURPOHBLczhRRRAB,unknown,"no location, and wrote in English",,en,google_maps,Srimangal Tea Garden
ChZDSUhNMG9nS0VJQ0FnSURSai0yMlZREAE,unknown,"no location, and wrote in English",,en,google_maps,Srimangal Tea Garden
ChZDSUhNMG9nS0VJQ0FnSUNXeEpPMFRnEAE,unknown,"no location, and wrote in English",,en,google_maps,Srimangal Tea Garden
Ci9DQUlRQUNvZENodHljRjlvT2pkTk1raEtPRXB6UmxGT1RWVmFjbkpKTjBKalQwRRAB,unknown,"no location, and wrote in English",,en,google_maps,Nilachal Tourist Center
Ci9DQUlRQUNvZENodHljRjlvT21reU1tOTBhRkJJVFdKNlZXTmFVMnR0VVc5NlFuYxAB,unknown,"no location, and wrote in English",,en,google_maps,Nilachal Tourist Center
ChdDSUhNMG9nS0VJQ0FnSURqblpQWDBnRRAB,unknown,"no location, and wrote in English",,en,google_maps,Nilachal Tourist Center
Ci9DQUlRQUNvZENodHljRjlvT2xKTlZEbDRMV05UVFZJemVsQkVUbmx5TjB4V1FrRRAB,unknown,"no location, and wrote in English",,en,google_maps,Nilachal Tourist Center
Ci9DQUlRQUNvZENodHljRjlvT2xobGFqWnphbkZsWTNGdGFXSkxOR05QVEVsdU1FRRAB,unknown,"no location, and wrote in English",,en,google_maps,Nilachal Tourist Center
Ci9DQUlRQUNvZENodHljRjlvT2xKZmMyaHVOV2RRZFRReWRGZEVaSFpCVjJ0aWIyYxAB,unknown,"no location, and wrote in English",,en,google_maps,Nilachal Tourist Center
Ci9DQUlRQUNvZENodHljRjlvT21wcVFrNW9jRWhVWVc5U1pYWXRVbmhTZVhWZlNrRRAB,unknown,"no location, and wrote in English",,en,google_maps,Nilachal Tourist Center
Ci9DQUlRQUNvZENodHljRjlvT25ZdFIyeHpObFZGVHpodGFXeHphVVk1TW5JM1luYxAB,unknown,"no location, and wrote in English",,en,google_maps,Nilachal Tourist Center
ChZDSUhNMG9nS0VJQ0FnTURvZzhfMUZBEAE,unknown,"no location, and wrote in English",,en,google_maps,Nilachal Tourist Center
ChZDSUhNMG9nS0VJQ0FnSURMN0lHVkhREAE,unknown,"no location, and wrote in English",,en,google_maps,Nilachal Tourist Center
ChdDSUhNMG9nS0VOTFluNXE5ajZ5QTBRRRAB,unknown,"no location, and wrote in English",,en,google_maps,Nilachal Tourist Center
Ci9DQUlRQUNvZENodHljRjlvT2xoWVJuZ3hRa1JuYTNWRFprSTFaVXBUVkRoRmNHYxAB,unknown,"no location, and wrote in English",,en,google_maps,Nilachal Tourist Center
Ci9DQUlRQUNvZENodHljRjlvT21sTmRXNVFORWQzTkZGd1dEQXlja05rYjNnMWFIYxAB,unknown,"no location, and wrote in English",,en,google_maps,Nilachal Tourist Center
ChdDSUhNMG9nS0VJQ0FnSUR2cG96TDJnRRAB,unknown,"no location, and wrote in English",,en,google_maps,Nilachal Tourist Center
ChdDSUhNMG9nS0VJQ0FnSUN2eTRMa3J3RRAB,unknown,"no location, and wrote in English",,en,google_maps,Nilachal Tourist Center
ChdDSUhNMG9nS0VJQ0FnSUNYMU9tQ3pRRRAB,unknown,"no location, and wrote in English",,en,google_maps,Nilachal Tourist Center
ChdDSUhNMG9nS0VJQ0FnTURncWZTUmdnRRAB,unknown,"no location, and wrote in English",,en,google_maps,Nilachal Tourist Center
ChZDSUhNMG9nS0VJQ0FnSUR2cjktT01REAE,unknown,"no location, and wrote in English",,en,google_maps,Nilachal Tourist Center
ChZDSUhNMG9nS0VKand5S0dINTRtamRREAE,unknown,"no location, and wrote in English",,en,google_maps,Nilachal Tourist Center
Ci9DQUlRQUNvZENodHljRjlvT21wVmRIYzJZamRyUlRkd2QzVlROWEJ6UmpkRWNVRRAB,unknown,"no location, and wrote in English",,en,google_maps,Nilachal Tourist Center
Ci9DQUlRQUNvZENodHljRjlvT2s5VU0yaHNOMmx4ZURORFJGRnJUMmhxUlhSeE1HYxAB,unknown,"no location, and wrote in English",,en,google_maps,Jaflong Zero Point
Ci9DQUlRQUNvZENodHljRjlvT2t3eVNXNVhTVWRqVm1OMVptaDBRVWg2TmpobFJHYxAB,unknown,"no location, and wrote in English",,en,google_maps,Jaflong Zero Point
Ci9DQUlRQUNvZENodHljRjlvT2pSRk1WbHNlRVIzWjJSMlZuSmxVSEpuY0RKNFowRRAB,unknown,"no location, and wrote in English",,en,google_maps,Jaflong Zero Point
Ci9DQUlRQUNvZENodHljRjlvT210SlNIWlVaMTh4VWxkdFJ6SlBkVlpmWlZKdVRVRRAB,unknown,"no location, and wrote in English",,en,google_maps,Jaflong Zero Point
Ci9DQUlRQUNvZENodHljRjlvT25GVlh6SkdOV0l3TlVodFJreGZlREJJYTBsek5rRRAB,unknown,"no location, and wrote in English",,en,google_maps,Jaflong Zero Point
Ci9DQUlRQUNvZENodHljRjlvT2xWVVdUQm1jamhSVUc1bmVXRkVabGN0VVZKeGRWRRAB,unknown,"no location, and wrote in English",,en,google_maps,Jaflong Zero Point
Ci9DQUlRQUNvZENodHljRjlvT2pOMFRuaG9aMnBDY0dwQlQwbE9Wa0l3WDNkRlpsRRAB,unknown,"no location, and wrote in English",,en,google_maps,Jaflong Zero Point
Ci9DQUlRQUNvZENodHljRjlvT2s5c2NtZHZaekJRTkRWQ2RHVnZVSEl0UzJSV2RrRRAB,unknown,"no location, and wrote in English",,en,google_maps,Jaflong Zero Point
Ci9DQUlRQUNvZENodHljRjlvT2toS1QzTmpYMHhrTmxVeU16azFWMVJtVVhkRFFrRRAB,unknown,"no location, and wrote in English",,en,google_maps,Jaflong Zero Point
Ci9DQUlRQUNvZENodHljRjlvT2pkeU5tdENORE14VlhGZmJFSXplRVZIUmpWRU1HYxAB,unknown,"no location, and wrote in English",,en,google_maps,Jaflong Zero Point
Ci9DQUlRQUNvZENodHljRjlvT2pjNVQxVkpZbkJFTjBrNE9EZ3dVak5MVkcxWk1GRRAB,unknown,"no location, and wrote in English",,en,google_maps,Jaflong Zero Point
Ci9DQUlRQUNvZENodHljRjlvT2toc1Mya3dhbEp5YjNscE4ybDBXVlExV2pWNVRrRRAB,unknown,"no location, and wrote in English",,en,google_maps,Jaflong Zero Point
Ci9DQUlRQUNvZENodHljRjlvT210alVWZFJOMlZ3VEhKRFVXNDNPRWxzVnpSUk1WRRAB,unknown,"no location, and wrote in English",,en,google_maps,Jaflong Zero Point
Ci9DQUlRQUNvZENodHljRjlvT2xWcVJuZGZWMWN0VVVkc1NrMW5NbEZwV1hNNFQwRRAB,unknown,"no location, and wrote in English",,en,google_maps,Jaflong Zero Point
Ci9DQUlRQUNvZENodHljRjlvT2xKblUzYzJVakJyWTA1U1dFNVNMWE5TTm5kSVYyYxAB,unknown,"no location, and wrote in English",,en,google_maps,Jaflong Zero Point
Ci9DQUlRQUNvZENodHljRjlvT2pseU5qQlBVVVZIYkRJMlVteDFXR3RwYmw5cFFXYxAB,unknown,"no location, and wrote in English",,en,google_maps,Jaflong Zero Point
Ci9DQUlRQUNvZENodHljRjlvT2xsQlNsWm1NblpvTVhRMVpYSktaVjgyZVdnMWIzYxAB,unknown,"no location, and wrote in English",,en,google_maps,Jaflong Zero Point
Ci9DQUlRQUNvZENodHljRjlvT25CSWIxaEdVMjh6WldZMlJrVTFZVjlmUVU5cFNsRRAB,unknown,"no location, and wrote in English",,en,google_maps,Jaflong Zero Point
Ci9DQUlRQUNvZENodHljRjlvT25GU2RWcFllbWQ2ZFdoNFYyeEphMWRzZVVoeVFtYxAB,unknown,"no location, and wrote in English",,en,google_maps,Jaflong Zero Point
Ci9DQUlRQUNvZENodHljRjlvT2s5M2EzRlhWM2xWTnpsaU9URmpTekZ2U21oNGFFRRAB,unknown,"no location, and wrote in English",,en,google_maps,Jaflong Zero Point
Ci9DQUlRQUNvZENodHljRjlvT25wZk5GUnlkazFYUWpSRlFXOVBYM3BYWkRsdlprRRAB,unknown,"no location, and wrote in English",,en,google_maps,Ratargul Swamp Forest
Ci9DQUlRQUNvZENodHljRjlvT21aYVRUQkNUM2hQV0RrNU5qRjVkbmd6ZERJeVdtYxAB,unknown,"no location, and wrote in English",,en,google_maps,Ratargul Swamp Forest
Ci9DQUlRQUNvZENodHljRjlvT2xCVmNGVmZaMnMzWnpKWlptb3hSVk5IY1RSRVpVRRAB,unknown,"no location, and wrote in English",,en,google_maps,Ratargul Swamp Forest
Ci9DQUlRQUNvZENodHljRjlvT21kM1lYWnFhbUpYZUVOMlYyNDRjRzlEU0ROWmJrRRAB,unknown,"no location, and wrote in English",,en,google_maps,Ratargul Swamp Forest
Ci9DQUlRQUNvZENodHljRjlvT2xWYVpVMUVOR2N4Vm01U0xVczNSV1k0Y0ZrMmJWRRAB,unknown,"no location, and wrote in English",,en,google_maps,Ratargul Swamp Forest
Ci9DQUlRQUNvZENodHljRjlvT2swM1YwUnpZVk5pU0ZBNVYySk9ZVlUyV2poNlJGRRAB,unknown,"no location, and wrote in English",,en,google_maps,Ratargul Swamp Forest
Ci9DQUlRQUNvZENodHljRjlvT25CUFQzQjFVVVJDUkV4M1VWSldlVGRsVEc1R1dVRRAB,unknown,"no location, and wrote in English",,en,google_maps,Ratargul Swamp Forest
Ci9DQUlRQUNvZENodHljRjlvT2tsMFdqRTFhV1Y1TjBWUlVtUldjRlJHU2tZeGIwRRAB,unknown,"no location, and wrote in English",,en,google_maps,Ratargul Swamp Forest
Ci9DQUlRQUNvZENodHljRjlvT21kS2NWaG5WWEpQVW1wNU1YSkxPV2N4WjNvd2VIYxAB,unknown,"no location, and wrote in English",,en,google_maps,Ratargul Swamp Forest
Ci9DQUlRQUNvZENodHljRjlvT21SSVoybEdkbGwxZFZVeGJtRmlhMjAwTVVoVmFGRRAB,unknown,"no location, and wrote in English",,en,google_maps,Ratargul Swamp Forest
Ci9DQUlRQUNvZENodHljRjlvT2sxV1NIazNXbFY2YURCSlR6bDVZWFJ2V2pnellXYxAB,unknown,"no location, and wrote in English",,en,google_maps,Saint Martins Island
Ci9DQUlRQUNvZENodHljRjlvT2pJMGNWYzJTemREUld4R1JXVklNbHBYVm1sdlJIYxAB,unknown,"no location, and wrote in English",,en,google_maps,Saint Martins Island
Ci9DQUlRQUNvZENodHljRjlvT2xZeVZHUjNVMWhrVjJzdFRGcGtXRFZGVW0xVU0xRRAB,unknown,"no location, and wrote in English",,en,google_maps,Saint Martins Island
Ci9DQUlRQUNvZENodHljRjlvT2twVlpWZFVWMmxGVWpOUUxVSlNZbVJrUkMxbGQxRRAB,unknown,"no location, and wrote in English",,en,google_maps,Saint Martins Island
Ci9DQUlRQUNvZENodHljRjlvT2tScE9UUkpaRGxuWkdvelUwMHlZbXh5V1ROdVRWRRAB,unknown,"no location, and wrote in English",,en,google_maps,Saint Martins Island
Ci9DQUlRQUNvZENodHljRjlvT25ONkxVRk9VR0ZHVDNCeVNuUk5kRlp6VVZwdGRVRRAB,unknown,"no location, and wrote in English",,en,google_maps,Saint Martins Island
Ci9DQUlRQUNvZENodHljRjlvT2xob1dYZE1RWE0wWVRaMFJqQm9XVzlXUlRCSFNtYxAB,unknown,"no location, and wrote in English",,en,google_maps,Saint Martins Island
ChZDSUhNMG9nS0VJQ0FnSUN2dmUzYlZBEAE,unknown,"no location, and wrote in English",,en,google_maps,Saint Martins Island
Ci9DQUlRQUNvZENodHljRjlvT2s4MWJVZG9VVkp2ZEVWRVVrMU1UbGN6UVRWc1VuYxAB,unknown,"no location, and wrote in English",,en,google_maps,Saint Martins Island
ChdDSUhNMG9nS0VJQ0FnTURRNm9tTXJBRRAB,unknown,"no location, and wrote in English",,en,google_maps,Saint Martins Island
Ci9DQUlRQUNvZENodHljRjlvT25sUE5YTk5ZMk56VTBZNFYwOUZaRXh3Tm5kaVEyYxAB,unknown,"no location, and wrote in English",,en,google_maps,Ratargul Swamp Forest
Ci9DQUlRQUNvZENodHljRjlvT2sxalQydFliV1ZuY21ZMVJGaG5TMGwyWTJaamFVRRAB,unknown,"no location, and wrote in English",,en,google_maps,Ratargul Swamp Forest
Ci9DQUlRQUNvZENodHljRjlvT2taMlZuQllOekJ6TURaTlIxQlZWWEo1VGpJMk1FRRAB,unknown,"no location, and wrote in English",,en,google_maps,Ratargul Swamp Forest
Ci9DQUlRQUNvZENodHljRjlvT21SeU1qQmZWMWRZVUZOQlNGVjRSakpSYm14eWVsRRAB,unknown,"no location, and wrote in English",,en,google_maps,Ratargul Swamp Forest
Ci9DQUlRQUNvZENodHljRjlvT2pOMk9IUnhaamxrY1VsellqQnVVa1ZWV2xoT1dHYxAB,unknown,"no location, and wrote in English",,en,google_maps,Ratargul Swamp Forest
Ci9DQUlRQUNvZENodHljRjlvT25GZk1IcGFZMVpFU1VsdWExTnliMFZVWkhOS2RIYxAB,unknown,"no location, and wrote in English",,en,google_maps,Ratargul Swamp Forest
Ci9DQUlRQUNvZENodHljRjlvT2prNE0zYzFPRTl0ZFc1UWMwOWtXRzFVYzBSUmRsRRAB,unknown,"no location, and wrote in English",,en,google_maps,Ratargul Swamp Forest
Ci9DQUlRQUNvZENodHljRjlvT2xab1VUVnJSekZ4TW1oeU1rZ3hPRWR5V0VSaWEzYxAB,unknown,"no location, and wrote in English",,en,google_maps,Ratargul Swamp Forest
Ci9DQUlRQUNvZENodHljRjlvT2pKM04yNVFjbFZZWjFoSFNEbGxaRUo2TkVwQ05sRRAB,unknown,"no location, and wrote in English",,en,google_maps,Ratargul Swamp Forest
ChdDSUhNMG9nS0VMZkR3ZVdpbUtIS3hBRRAB,unknown,"no location, and wrote in English",,en,google_maps,Ratargul Swamp Forest
Ci9DQUlRQUNvZENodHljRjlvT2tkQldWOWtaRVJLVERCdlIxcEJPV1F0WkZjM04xRRAB,unknown,"no location, and wrote in English",,en,google_maps,Saint Martins Island
ChZDSUhNMG9nS0VNRF91dUx5amUzbUd3EAE,unknown,"no location, and wrote in English",,en,google_maps,Saint Martins Island
ChdDSUhNMG9nS0VJQ0FnSUQzdGJ1QWl3RRAB,unknown,"no location, and wrote in English",,en,google_maps,Saint Martins Island
ChdDSUhNMG9nS0VQalIxS3lEdElXcHpRRRAB,unknown,"no location, and wrote in English",,en,google_maps,Saint Martins Island
ChdDSUhNMG9nS0VJQ0FnTURJNjY3MDV3RRAB,unknown,"no location, and wrote in English",,en,google_maps,Saint Martins Island
ChdDSUhNMG9nS0VJQ0FnSUNma3JfRS1RRRAB,unknown,"no location, and wrote in English",,en,google_maps,Saint Martins Island
ChdDSUhNMG9nS0VJQ0FnSUR2a09henBBRRAB,unknown,"no location, and wrote in English",,en,google_maps,Saint Martins Island
ChdDSUhNMG9nS0VJQ0FnSURfM2NYZTRRRRAB,unknown,"no location, and wrote in English",,en,google_maps,Saint Martins Island
ChZDSUhNMG9nS0VJQ0FnTURnbUpMellBEAE,unknown,"no location, and wrote in English",,en,google_maps,Saint Martins Island
ChdDSUhNMG9nS0VJQ0FnSUNmZ2Jmd2hnRRAB,unknown,"no location, and wrote in English",,en,google_maps,Saint Martins Island
Ci9DQUlRQUNvZENodHljRjlvT2tGT0xVazVPRTluWW5CTWF6aFpXblZ2ZWpsMmFsRRAB,unknown,"no location, and wrote in English",,en,google_maps,Panam City
Ci9DQUlRQUNvZENodHljRjlvT25ReFZsQk9OM0l4U0V3NUxUSkxhek10VUZGNWVFRRAB,unknown,"no location, and wrote in English",,en,google_maps,Panam City
Ci9DQUlRQUNvZENodHljRjlvT2xOdlVVMXBNRzVXYmpOaVlscGFNMGRVUzFkME4zYxAB,unknown,"no location, and wrote in English",,en,google_maps,Panam City
Ci9DQUlRQUNvZENodHljRjlvT21kT1ptaFlVMmxwYTE5aFpHMU9UMVJRYm5aRVMyYxAB,unknown,"no location, and wrote in English",,en,google_maps,Panam City
Ci9DQUlRQUNvZENodHljRjlvT2pZMFYwTkxkMjFrUWt4TGVUTnRUbTQ0U2kxalozYxAB,unknown,"no location, and wrote in English",,en,google_maps,Panam City
Ci9DQUlRQUNvZENodHljRjlvT2kxaVduRmFlSEV5TmtOclIydDRUVEZGY2w5WGJtYxAB,unknown,"no location, and wrote in English",,en,google_maps,Panam City
Ci9DQUlRQUNvZENodHljRjlvT2xoblp6UnpjME5EVW5wdlEzTnFjRWw2ZVV0aVEzYxAB,unknown,"no location, and wrote in English",,en,google_maps,Panam City
Ci9DQUlRQUNvZENodHljRjlvT21WRlRHaElWa2xXTm5scGNDMXdTbFF5ZVY5eVJVRRAB,unknown,"no location, and wrote in English",,en,google_maps,Panam City
Ci9DQUlRQUNvZENodHljRjlvT25CSlZuUlNRVmxWYXpaSllrZzFjazkxTUU5ZlNGRRAB,unknown,"no location, and wrote in English",,en,google_maps,Panam City
Ci9DQUlRQUNvZENodHljRjlvT25WTFJVZExMVGxwVlhwVVJUWlVkVEpwUjFVeGNWRRAB,unknown,"no location, and wrote in English",,en,google_maps,Panam City
Ci9DQUlRQUNvZENodHljRjlvT2tOdVZrbFpSRzkxZEdaTGMwUXRPSGhCTlRkcE5YYxAB,unknown,"no location, and wrote in English",,en,google_maps,Panam City
Ci9DQUlRQUNvZENodHljRjlvT2xsUVFqZFpYMEZSVFZsSFVrWmZWSGxtTm5OMWNWRRAB,unknown,"no location, and wrote in English",,en,google_maps,Panam City
Ci9DQUlRQUNvZENodHljRjlvT2s1d1ltTXdjMUZ1VWxSZlUzVlhlVUUyTlVONVdYYxAB,unknown,"no location, and wrote in English",,en,google_maps,Panam City
Ci9DQUlRQUNvZENodHljRjlvT2psSE5rRnRXbTVUYUdaWVJGOXdlbVpzU0c0eWJuYxAB,unknown,"no location, and wrote in English",,en,google_maps,Panam City
ChdDSUhNMG9nS0VJQ0FnTUNvNmFDVmpnRRAB,unknown,"no location, and wrote in English",,en,google_maps,Panam City
Ci9DQUlRQUNvZENodHljRjlvT2t0RE9GZFpSM2cwYVZOTFdFRkhPSHBVWjE5cExWRRAB,unknown,"no location, and wrote in English",,en,google_maps,Panam City
Ci9DQUlRQUNvZENodHljRjlvT2taNGFtNVFiRUZTVkVGNU1tWnVZbEp2WVY4elZHYxAB,unknown,"no location, and wrote in English",,en,google_maps,Panam City
ChZDSUhNMG9nS0VJQ0FnTURvbUtxaEtBEAE,unknown,"no location, and wrote in English",,en,google_maps,Panam City
Ci9DQUlRQUNvZENodHljRjlvT2xaMmNUTkNXR05FY25KclQydzRNRTgzTXpocFNuYxAB,unknown,"no location, and wrote in English",,en,google_maps,Panam City
Ci9DQUlRQUNvZENodHljRjlvT25GYWNVVkhVeTEwVWtkaWVUVmxZVmxQY3pKQmNtYxAB,unknown,"no location, and wrote in English",,en,google_maps,Panam City
Ci9DQUlRQUNvZENodHljRjlvT21RMFoydFhRMHRRVFZkTE1tVnBRWFZ2VG1wM1EzYxAB,unknown,"no location, and wrote in English",,en,google_maps,Sixty Dome Mosque
Ci9DQUlRQUNvZENodHljRjlvT2xJdGFrMXdWMVIyT1VoQlRqQkNWRmxvTm00NE5uYxAB,unknown,"no location, and wrote in English",,en,google_maps,Sixty Dome Mosque
Ci9DQUlRQUNvZENodHljRjlvT21oblJUQlpOWFpYY0hKS2MxOUdhVVpRZWpaRFpuYxAB,unknown,"no location, and wrote in English",,en,google_maps,Sixty Dome Mosque
Ci9DQUlRQUNvZENodHljRjlvT2xKclNVTnBSalp1VDJsTVRrNVdPVVZMTjFSVGNuYxAB,unknown,"no location, and wrote in English",,en,google_maps,Sixty Dome Mosque
Ci9DQUlRQUNvZENodHljRjlvT2xGek5VZEJPV2RxUkdSSlJFYzVTa2Q0V0dodWIzYxAB,unknown,"no location, and wrote in English",,en,google_maps,Sixty Dome Mosque
Ci9DQUlRQUNvZENodHljRjlvT2swNWFUZEVNRXQ2TWxoRVEwTk5aalF5VGxwMVJVRRAB,unknown,"no location, and wrote in English",,en,google_maps,Sixty Dome Mosque
Ci9DQUlRQUNvZENodHljRjlvT2pKdFdHSnFOa1JVYjAxbVFYTkRiekozV2taNVMwRRAB,unknown,"no location, and wrote in English",,en,google_maps,Sixty Dome Mosque
Ci9DQUlRQUNvZENodHljRjlvT21ONFNVWTFORE50UjFCSmREZ3lVVFE1UTBKUVoyYxAB,unknown,"no location, and wrote in English",,en,google_maps,Sixty Dome Mosque
Ci9DQUlRQUNvZENodHljRjlvT2pSNVltVk1VM3BIYUc1dU5rcDJXa0ZZWDAweWFrRRAB,unknown,"no location, and wrote in English",,en,google_maps,Sixty Dome Mosque
Ci9DQUlRQUNvZENodHljRjlvT2tsQlpFZEVObVpKZFRnNWFESXhlRWg0T0dsUFdtYxAB,unknown,"no location, and wrote in English",,en,google_maps,Sixty Dome Mosque
Ci9DQUlRQUNvZENodHljRjlvT2xkclptWm5kekpWY1hCQmMwOWZTMlJUYms1bWJVRRAB,unknown,"no location, and wrote in English",,en,google_maps,Sixty Dome Mosque
Ci9DQUlRQUNvZENodHljRjlvT25aVmQzRkNPRVJ0YkRneVdHSnRlVWRZZDNaM1pFRRAB,unknown,"no location, and wrote in English",,en,google_maps,Sixty Dome Mosque
Ci9DQUlRQUNvZENodHljRjlvT2xKTWMzVk9NSFZpVDFkeFdHWllSV05STTE5c00xRRAB,unknown,"no location, and wrote in English",,en,google_maps,Sixty Dome Mosque
Ci9DQUlRQUNvZENodHljRjlvT213d1RETjRVazR3T0RWVE1ESjFUSFJvWkhVMGFFRRAB,unknown,"no location, and wrote in English",,en,google_maps,Sixty Dome Mosque
Ci9DQUlRQUNvZENodHljRjlvT25ONGRqbEVhRVpJUzJVeFdFbFpZMDUwT0dGbFlWRRAB,unknown,"no location, and wrote in English",,en,google_maps,Sixty Dome Mosque
Ci9DQUlRQUNvZENodHljRjlvT2xCYWQxazFUMUJXZWpOb2NsVnhUbTlKWHpVeVZtYxAB,unknown,"no location, and wrote in English",,en,google_maps,Sixty Dome Mosque
Ci9DQUlRQUNvZENodHljRjlvT20xSGVFNHlRMHBzT0hsR1VuSm5aMnhzYkZKc09XYxAB,unknown,"no location, and wrote in English",,en,google_maps,Sixty Dome Mosque
ChZDSUhNMG9nS0VJaTNwUGJlak5hRlB3EAE,unknown,"no location, and wrote in English",,en,google_maps,Sixty Dome Mosque
Ci9DQUlRQUNvZENodHljRjlvT21kU1dESlJOMkZDUlRKYVZsQXphVkZ1WVY5TVJFRRAB,unknown,"no location, and wrote in English",,en,google_maps,Sixty Dome Mosque
Ci9DQUlRQUNvZENodHljRjlvT205bFgwRlVlVVphVTBzM1MzWXlPWE16U1hKNVNtYxAB,unknown,"no location, and wrote in English",,en,google_maps,Sixty Dome Mosque
Ci9DQUlRQUNvZENodHljRjlvT2xkWVlqQkdla2xtYUhWelprcFZkMGx0YW1KWE1FRRAB,unknown,"no location, and wrote in English",,en,google_maps,Lalbagh Fort
Ci9DQUlRQUNvZENodHljRjlvT25GblNHRlVlVnBQUkc1VFUxaGFOMnBuZFcxeUxYYxAB,unknown,"no location, and wrote in English",,en,google_maps,Lalbagh Fort
Ci9DQUlRQUNvZENodHljRjlvT25aaGN6UTRkVUowVmtwdWRIbFpaWHBmWlY5Vk4wRRAB,unknown,"no location, and wrote in English",,en,google_maps,Lalbagh Fort
Ci9DQUlRQUNvZENodHljRjlvT21kRlowVjRhRGhNZW1kMkxYUTVja042TWs5eE1IYxAB,unknown,"no location, and wrote in English",,en,google_maps,Lalbagh Fort
Ci9DQUlRQUNvZENodHljRjlvT2paNlVpMTRiUzFUUTE5NGFUbHdXWEI2UmpGbFlsRRAB,unknown,"no location, and wrote in English",,en,google_maps,Lalbagh Fort
Ci9DQUlRQUNvZENodHljRjlvT21wZlUycEZYM0pwZFV0U2NWbHNURmxDWjFwb1RFRRAB,unknown,"no location, and wrote in English",,en,google_maps,Lalbagh Fort
Ci9DQUlRQUNvZENodHljRjlvT2xrNFQxRlRlWGw1VEcwNFFsQlpaV1JIU1Y5TGJXYxAB,unknown,"no location, and wrote in English",,en,google_maps,Lalbagh Fort
Ci9DQUlRQUNvZENodHljRjlvT2xCRVgyaGFSbHBNY0RFNFJFNTJja05pYlc5b1JsRRAB,unknown,"no location, and wrote in English",,en,google_maps,Lalbagh Fort
Ci9DQUlRQUNvZENodHljRjlvT2s0MVZVTjNkRUZLYVVWVWJteEJZMTlQY3pCQ1pXYxAB,unknown,"no location, and wrote in English",,en,google_maps,Lalbagh Fort
Ci9DQUlRQUNvZENodHljRjlvT2s1alJuSlBZMlE0UkZWUE0zSjBYelZEY2pKTWMxRRAB,unknown,"no location, and wrote in English",,en,google_maps,Lalbagh Fort
Ci9DQUlRQUNvZENodHljRjlvT205NmQwbHlORE53YVMwM1dqVXRjVTk2ZUhaQmFWRRAB,unknown,"no location, and wrote in English",,en,google_maps,Lalbagh Fort
Ci9DQUlRQUNvZENodHljRjlvT2s5c1JqTjBNbmRwZVc1d2JWbGpXSEZJYVdoNWFIYxAB,unknown,"no location, and wrote in English",,en,google_maps,Lalbagh Fort
Ci9DQUlRQUNvZENodHljRjlvT21wRk9XMTNURWd6VkRSSVdIRm9kVFZEVG5ab09FRRAB,unknown,"no location, and wrote in English",,en,google_maps,Lalbagh Fort
Ci9DQUlRQUNvZENodHljRjlvT2twNE5HbFNXRk5IVUZrNWQySTBVV2d5YWtkb1dsRRAB,unknown,"no location, and wrote in English",,en,google_maps,Lalbagh Fort
Ci9DQUlRQUNvZENodHljRjlvT21JMFN6RXhkMjh5Um1SQ1RHY3RUMnBFZDNsVWMzYxAB,unknown,"no location, and wrote in English",,en,google_maps,Lalbagh Fort
Ci9DQUlRQUNvZENodHljRjlvT2xkM1pVc3pSVTV5ZVdOVmMyTlBkRFkwTkRCVmNYYxAB,unknown,"no location, and wrote in English",,en,google_maps,Lalbagh Fort
Ci9DQUlRQUNvZENodHljRjlvT25OaU1WbG5jemxXYmtORlVrcGpTRnBoUVc1a1FuYxAB,unknown,"no location, and wrote in English",,en,google_maps,Lalbagh Fort
Ci9DQUlRQUNvZENodHljRjlvT21WcVdtbGhNbXN5VEhwSk5WUmxWa0psVW05UFYzYxAB,unknown,"no location, and wrote in English",,en,google_maps,Lalbagh Fort
Ci9DQUlRQUNvZENodHljRjlvT210MWIwOXFjMXBzYVUxb01qRTBjVW8wT1hKNllrRRAB,unknown,"no location, and wrote in English",,en,google_maps,Lalbagh Fort
Ci9DQUlRQUNvZENodHljRjlvT21ZMWEzTkhSMWR5VTJ0TVEwMDVlbHAyY0RjeVRrRRAB,unknown,"no location, and wrote in English",,en,google_maps,Lalbagh Fort
Ci9DQUlRQUNvZENodHljRjlvT2tOeFF6UnlXbk5rYzFaRmRrRnJiM05IVEZWd1FVRRAB,unknown,"no location, and wrote in English",,en,google_maps,Ahsan Manzil Museum
Ci9DQUlRQUNvZENodHljRjlvT2xOaWRXRXlNMHhuYjFSdFZrSmZjblpOU0dkM2VVRRAB,unknown,"no location, and wrote in English",,en,google_maps,Ahsan Manzil Museum
Ci9DQUlRQUNvZENodHljRjlvT2pCaFF6ZDNSbmRCYXpNeVduSlNZM0pCZDJkeFpHYxAB,unknown,"no location, and wrote in English",,en,google_maps,Ahsan Manzil Museum
Ci9DQUlRQUNvZENodHljRjlvT214R1RHZFFlR2hyY1hoSkxXUllWMVY2YW5wSGJXYxAB,unknown,"no location, and wrote in English",,en,google_maps,Ahsan Manzil Museum
Ci9DQUlRQUNvZENodHljRjlvT201S1RITnNNRFZWVWw4dGRHRnNaMmd4WnpSaFRIYxAB,unknown,"no location, and wrote in English",,en,google_maps,Ahsan Manzil Museum
Ci9DQUlRQUNvZENodHljRjlvT2xaWFRtTnNYekZ4Vmw4NVIwNHRhbGt5ZFdWVk9VRRAB,unknown,"no location, and wrote in English",,en,google_maps,Ahsan Manzil Museum
Ci9DQUlRQUNvZENodHljRjlvT2tRemFuaHJielJpYkRKeldTMXFTMm8wUVcxWmEzYxAB,unknown,"no location, and wrote in English",,en,google_maps,Ahsan Manzil Museum
Ci9DQUlRQUNvZENodHljRjlvT2tneFQyZE9PVTlwY0hZMVUybHJRMmhuYzNGWmRVRRAB,unknown,"no location, and wrote in English",,en,google_maps,Ahsan Manzil Museum
Ci9DQUlRQUNvZENodHljRjlvT25aNE1qWjZVSEpJYVhGaWQzaEplVVZtTUV4MlpYYxAB,unknown,"no location, and wrote in English",,en,google_maps,Ahsan Manzil Museum
Ci9DQUlRQUNvZENodHljRjlvT21kWmJFVlVZelI2TW1GVWNVMVZkek0zZDBoaVRFRRAB,unknown,"no location, and wrote in English",,en,google_maps,Ahsan Manzil Museum
Ci9DQUlRQUNvZENodHljRjlvT2xjNVRtdEdaVkJyZG0xeVdtOW9NRGRVYmpCWk4xRRAB,unknown,"no location, and wrote in English",,en,google_maps,Ahsan Manzil Museum
Ci9DQUlRQUNvZENodHljRjlvT2tFMFdqUTViMnBmUlhCNlVUQnhhalJXWjAxS2NrRRAB,unknown,"no location, and wrote in English",,en,google_maps,Ahsan Manzil Museum
Ci9DQUlRQUNvZENodHljRjlvT2s1UllrRTNkM1pPZEVOSlUycGlWMGh3Y0dJdFFtYxAB,unknown,"no location, and wrote in English",,en,google_maps,Ahsan Manzil Museum
Ci9DQUlRQUNvZENodHljRjlvT2xFMWJsTm9YMUpSWVdKS1NXWXhaamRwTURnMFNHYxAB,unknown,"no location, and wrote in English",,en,google_maps,Ahsan Manzil Museum
Ci9DQUlRQUNvZENodHljRjlvT25sWFVVNUZjVlZMYW1OdU1HZHVSV1Z1TFVsWlZWRRAB,unknown,"no location, and wrote in English",,en,google_maps,Ahsan Manzil Museum
Ci9DQUlRQUNvZENodHljRjlvT2xaTVUyMHhTR05hWlRaRWNYQXllazVLWjNKa2NXYxAB,unknown,"no location, and wrote in English",,en,google_maps,Ahsan Manzil Museum
Ci9DQUlRQUNvZENodHljRjlvT21oeFRGUnFiVFpUWVRsMFNHRlNVM2xXUVVjdE1sRRAB,unknown,"no location, and wrote in English",,en,google_maps,Ahsan Manzil Museum
Ci9DQUlRQUNvZENodHljRjlvT2tGTWIxOVVUV2hPVm1zNWIyZE9TelIxYUdocE1FRRAB,unknown,"no location, and wrote in English",,en,google_maps,Ahsan Manzil Museum
Ci9DQUlRQUNvZENodHljRjlvT21WMFNXRkdSemxTTjNNdFozSktiVzR5VW5sNk5IYxAB,unknown,"no location, and wrote in English",,en,google_maps,Ahsan Manzil Museum
Ci9DQUlRQUNvZENodHljRjlvT2sxRFVYVndlRlJqUjIxblNXdFVVVEZZYmpWeFowRRAB,unknown,"no location, and wrote in English",,en,google_maps,Ahsan Manzil Museum
Ci9DQUlRQUNvZENodHljRjlvT2s0elJrRnVVVmRRWldaSmFsUTBlVFEzTnpKb1ZHYxAB,unknown,"no location, and wrote in English",,en,google_maps,Kuakata Beach
Ci9DQUlRQUNvZENodHljRjlvT210eGNVTkZZbEpDTkV4RFluWXdXbTg0ZWtKM1NsRRAB,unknown,"no location, and wrote in English",,en,google_maps,Kuakata Beach
Ci9DQUlRQUNvZENodHljRjlvT2s5Zk1XSkVOR05ZYTE5RWNWb3diR0pDVHpoMU1IYxAB,unknown,"no location, and wrote in English",,en,google_maps,Kuakata Beach
Ci9DQUlRQUNvZENodHljRjlvT21sNWFVVXdRbkJXVjFWTVdWWmhXVEkyUmt4RlIxRRAB,unknown,"no location, and wrote in English",,en,google_maps,Kuakata Beach
ChZDSUhNMG9nS0VJQ0FnSURmdFA2d1Z3EAE,unknown,"no location, and wrote in English",,en,google_maps,Kuakata Beach
Ci9DQUlRQUNvZENodHljRjlvT2xOVmFHbGFNVzlVWkc1NWNIQk5ZVlZ3YTBkcGFFRRAB,unknown,"no location, and wrote in English",,en,google_maps,Kuakata Beach
Ci9DQUlRQUNvZENodHljRjlvT2xCRmJUaG1TMmRLUzBsZllrUlhibmQ1UmtKSlRVRRAB,unknown,"no location, and wrote in English",,en,google_maps,Kuakata Beach
Ci9DQUlRQUNvZENodHljRjlvT2pZeFJGUkRZbloxT1RrMkxVeElhRkkwWmsxTFlsRRAB,unknown,"no location, and wrote in English",,en,google_maps,Kuakata Beach
ChZDSUhNMG9nS0VJQ0FnTURRMUx1ck9REAE,unknown,"no location, and wrote in English",,en,google_maps,Kuakata Beach
Ci9DQUlRQUNvZENodHljRjlvT21oUlFYTTFXbFp4ZDBkQ1ZHRndTMWRyYzBGTE4yYxAB,unknown,"no location, and wrote in English",,en,google_maps,Kuakata Beach
ChZDSUhNMG9nS0VJQ0FnSUNYdlBiVVVBEAE,unknown,"no location, and wrote in English",,en,google_maps,Kuakata Beach
Ci9DQUlRQUNvZENodHljRjlvT2t3eVdqRm5RVzB0YkRoQ1QxcHpTM0JpVjBONWFrRRAB,unknown,"no location, and wrote in English",,en,google_maps,Kuakata Beach
Ci9DQUlRQUNvZENodHljRjlvT2psWVdrUmhORGd3VUhKWFoycHFSbUpKWmxZNGRsRRAB,unknown,"no location, and wrote in English",,en,google_maps,Kuakata Beach
Ci9DQUlRQUNvZENodHljRjlvT2tzMlRFdE1hR2RRYTBJelh5MHhZMWx1ZHpCeVpVRRAB,unknown,"no location, and wrote in English",,en,google_maps,Kuakata Beach
ChdDSUhNMG9nS0VJQ0FnTUNRZ1pYWmtnRRAB,unknown,"no location, and wrote in English",,en,google_maps,Kuakata Beach
Ci9DQUlRQUNvZENodHljRjlvT2psbE5EbElVRTFSVURKdVpHNUJkRkZqTmtod09GRRAB,unknown,"no location, and wrote in English",,en,google_maps,Kuakata Beach
Ci9DQUlRQUNvZENodHljRjlvT2pVdFZUaEpjMjFTUjFoVWJtRlFiREptUlhObk5GRRAB,unknown,"no location, and wrote in English",,en,google_maps,Kuakata Beach
ChZDSUhNMG9nS0VJQ0FnTUN3OHJEaVl3EAE,unknown,"no location, and wrote in English",,en,google_maps,Kuakata Beach
ChZDSUhNMG9nS0VJQ0FnSUQzcWZXS2NREAE,unknown,"no location, and wrote in English",,en,google_maps,Kuakata Beach
Ci9DQUlRQUNvZENodHljRjlvT25jM2NWRm5XVTkxTWsxWlRsOHphazFJYjA1M2QyYxAB,unknown,"no location, and wrote in English",,en,google_maps,Kuakata Beach
Ci9DQUlRQUNvZENodHljRjlvT2tKbk9VeDVZbFJEVEZSVGJqTlhOa0p3UzJ4elUwRRAB,unknown,"no location, and wrote in English",,en,google_maps,Kaptai Lake
ChdDSUhNMG9nS0VJQ0FnSUNmOF9pTDFnRRAB,unknown,"no location, and wrote in English",,en,google_maps,Kaptai Lake
ChZDSUhNMG9nS0VJQ0FnSUN3dDRlX0VREAE,unknown,"no location, and wrote in English",,en,google_maps,Kaptai Lake
ChdDSUhNMG9nS0VJQ0FnSUREMWZESDBRRRAB,unknown,"no location, and wrote in English",,en,google_maps,Kaptai Lake
ChZDSUhNMG9nS0VJQ0FnSURvMjZQRElBEAE,unknown,"no location, and wrote in English",,en,google_maps,Kaptai Lake
Ci9DQUlRQUNvZENodHljRjlvT2xGdGRYWkpWMFptYVUxbmRXZzFaekZxTWxkck0zYxAB,unknown,"no location, and wrote in English",,en,google_maps,Kaptai Lake
Ci9DQUlRQUNvZENodHljRjlvT25FMmRrSTNVMFpXTkZvME4yZExiMHMzYm5jNWFWRRAB,unknown,"no location, and wrote in English",,en,google_maps,Kaptai Lake
ChZDSUhNMG9nS0VJQ0FnSUNUb3ZlWlF3EAE,unknown,"no location, and wrote in English",,en,google_maps,Kaptai Lake
ChdDSUhNMG9nS0VJQ0FnSUMtaWFDc3dRRRAB,unknown,"no location, and wrote in English",,en,google_maps,Kaptai Lake
ChdDSUhNMG9nS0VJQ0FnSURoNlluS3FnRRAB,unknown,"no location, and wrote in English",,en,google_maps,Kaptai Lake
Ci9DQUlRQUNvZENodHljRjlvT2tkWmNYVlJXRkF5YVVOdlNtaE5Oa1pyTlV0aE5sRRAB,unknown,"no location, and wrote in English",,en,google_maps,Sompur Mahavihar (Paharpur)
Ci9DQUlRQUNvZENodHljRjlvT25Kb2RFRXphbVpRYVRoWlNsVm1hbTFVUVZaYWVuYxAB,unknown,"no location, and wrote in English",,en,google_maps,Sompur Mahavihar (Paharpur)
Ci9DQUlRQUNvZENodHljRjlvT21wWmJqSnVOMTloWjFGTExXaFpTbTVDWjFCeVFtYxAB,unknown,"no location, and wrote in English",,en,google_maps,Sompur Mahavihar (Paharpur)
Ci9DQUlRQUNvZENodHljRjlvT21vNFEyRXpUMU55Vm1nM2FtVTJTVE00VDFwTFJHYxAB,unknown,"no location, and wrote in English",,en,google_maps,Sompur Mahavihar (Paharpur)
Ci9DQUlRQUNvZENodHljRjlvT25SNmFHVndlVVZ6VWxZNVVXTkxPVlU1V0RWVFpuYxAB,unknown,"no location, and wrote in English",,en,google_maps,Sompur Mahavihar (Paharpur)
Ci9DQUlRQUNvZENodHljRjlvT21NeGJrRk1lVGRoU21KRFowWk1hMDQ1Tld0d2RXYxAB,unknown,"no location, and wrote in English",,en,google_maps,Sompur Mahavihar (Paharpur)
Ci9DQUlRQUNvZENodHljRjlvT2xWQk1WSkpjR1JNVEZOdkxYbEJOSGRJVG1FeGVsRRAB,unknown,"no location, and wrote in English",,en,google_maps,Sompur Mahavihar (Paharpur)
Ci9DQUlRQUNvZENodHljRjlvT21zeVFsVmxTMGhLWlVoNWVEUkZVekZCUzFSS1RYYxAB,unknown,"no location, and wrote in English",,en,google_maps,Sompur Mahavihar (Paharpur)
Ci9DQUlRQUNvZENodHljRjlvT2pGd1RqUm5RVlJrUTJ0U1oyWkdlamh0YkVaWlRIYxAB,unknown,"no location, and wrote in English",,en,google_maps,Sompur Mahavihar (Paharpur)
Ci9DQUlRQUNvZENodHljRjlvT21VelJ6TnFVVEZwZVZwSVIwZFRORkpMT1VaclFtYxAB,unknown,"no location, and wrote in English",,en,google_maps,Sompur Mahavihar (Paharpur)
ChdDSUhNMG9nS0VJQ0FnSUNYMzY3R19BRRAB,unknown,"no location, and wrote in English",,en,google_maps,Kaptai Lake
ChRDSUhNMG9nS0VJQ0FnSUNZODUxRBAB,unknown,"no location, and wrote in English",,en,google_maps,Kaptai Lake
ChdDSUhNMG9nS0VJQ0FnSUQtLUpPa2pnRRAB,unknown,"no location, and wrote in English",,en,google_maps,Kaptai Lake
ChZDSUhNMG9nS0VJQ0FnSUNLdU5LbFZnEAE,unknown,"no location, and wrote in English",,en,google_maps,Kaptai Lake
ChdDSUhNMG9nS0VJQ0FnSUNaOGJpd3dRRRAB,unknown,"no location, and wrote in English",,en,google_maps,Kaptai Lake
ChZDSUhNMG9nS0VJQ0FnSUNnb3BDblV3EAE,unknown,"no location, and wrote in English",,en,google_maps,Kaptai Lake
ChZDSUhNMG9nS0VJQ0FnSUMweFptSld3EAE,unknown,"no location, and wrote in English",,en,google_maps,Kaptai Lake
ChdDSUhNMG9nS0VJQ0FnSUNSOHZxSjZnRRAB,unknown,"no location, and wrote in English",,en,google_maps,Kaptai Lake
ChZDSUhNMG9nS0VJQ0FnSURLcFpmOFJBEAE,unknown,"no location, and wrote in English",,en,google_maps,Kaptai Lake
ChdDSUhNMG9nS0VJQ0FnSURlNU95SW93RRAB,unknown,"no location, and wrote in English",,en,google_maps,Kaptai Lake
Ci9DQUlRQUNvZENodHljRjlvT2pGellWUkhWblZaTW5oa05YRlZXVjluY0hkb1YzYxAB,unknown,"no location, and wrote in English",,en,google_maps,Sompur Mahavihar (Paharpur)
Ci9DQUlRQUNvZENodHljRjlvT25sbWVuVkhNbGhJVEdWWU5XdERjQzB5T0ZOYVJVRRAB,unknown,"no location, and wrote in English",,en,google_maps,Sompur Mahavihar (Paharpur)
Ci9DQUlRQUNvZENodHljRjlvT2pBemVteE5lR1ZCV1c1WlozRlNWbFl3VW1oTU0yYxAB,unknown,"no location, and wrote in English",,en,google_maps,Sompur Mahavihar (Paharpur)
Ci9DQUlRQUNvZENodHljRjlvT2xKVFpXZHhWM0JmTVRkTk9VRnhUMmRvTUhoQlNrRRAB,unknown,"no location, and wrote in English",,en,google_maps,Sompur Mahavihar (Paharpur)
Ci9DQUlRQUNvZENodHljRjlvT25wWGQxaHBkWFp4ZHpOWFUyaFBZM1EyTFdwd1dIYxAB,unknown,"no location, and wrote in English",,en,google_maps,Sompur Mahavihar (Paharpur)
Ci9DQUlRQUNvZENodHljRjlvT25Cek9XZGpaMHBVWVdvME1IaDFiV2h3WjBaMGJGRRAB,unknown,"no location, and wrote in English",,en,google_maps,Sompur Mahavihar (Paharpur)
Ci9DQUlRQUNvZENodHljRjlvT2psTlpsaGZURjlhY0ZKME5VOTVRUzB3UjNsalJIYxAB,unknown,"no location, and wrote in English",,en,google_maps,Sompur Mahavihar (Paharpur)
Ci9DQUlRQUNvZENodHljRjlvT2tWWGIxZENiMlppU0RoeVVURlFkbEI2YTB4eGQzYxAB,unknown,"no location, and wrote in English",,en,google_maps,Sompur Mahavihar (Paharpur)
Ci9DQUlRQUNvZENodHljRjlvT210TlZVRndXRGQzU1ZoQ1ZWZGFXVkZZYTNsZlMzYxAB,unknown,"no location, and wrote in English",,en,google_maps,Sompur Mahavihar (Paharpur)
Ci9DQUlRQUNvZENodHljRjlvT2tkM01WbGphRXd4Y0dkRVVtSkNaR0V3VTAxcVRIYxAB,unknown,"no location, and wrote in English",,en,google_maps,Sompur Mahavihar (Paharpur)
Ci9DQUlRQUNvZENodHljRjlvT201RE5tNUNiekZXUjBvNVUxOUNhbkZsWkRSRlRsRRAB,unknown,"no location, and wrote in English",,en,google_maps,Guliakhali Sea Beach
Ci9DQUlRQUNvZENodHljRjlvT2xoUWNERTFWR1pRUWpaWFh6ZHVNMUYyTXpGSFRtYxAB,unknown,"no location, and wrote in English",,en,google_maps,Guliakhali Sea Beach
Ci9DQUlRQUNvZENodHljRjlvT2t4SE5taFBOMjVFZFdNMWJGOTFPQzFTZFd0d1EwRRAB,unknown,"no location, and wrote in English",,en,google_maps,Guliakhali Sea Beach
Ci9DQUlRQUNvZENodHljRjlvT2xoaFdVaEtOR2xaWkRSVFJFdGFVRXhqV2kxSU0yYxAB,unknown,"no location, and wrote in English",,en,google_maps,Guliakhali Sea Beach
Ci9DQUlRQUNvZENodHljRjlvT25kclNGOHhlSFZCUTNZd1NUSk5MVkkwYWtKWlNGRRAB,unknown,"no location, and wrote in English",,en,google_maps,Guliakhali Sea Beach
Ci9DQUlRQUNvZENodHljRjlvT2pSa2FWY3pRVEJtWDNFMFR6RjVjRGQxY0ZOeFkzYxAB,unknown,"no location, and wrote in English",,en,google_maps,Guliakhali Sea Beach
Ci9DQUlRQUNvZENodHljRjlvT2tOV1dpMVFWRVUxVERsSVMxbHNhamRXWVdkNWRIYxAB,unknown,"no location, and wrote in English",,en,google_maps,Guliakhali Sea Beach
Ci9DQUlRQUNvZENodHljRjlvT25vM2IwbGpiVlJJYlc0MGVuYzVYemRSVW5CUVYzYxAB,unknown,"no location, and wrote in English",,en,google_maps,Guliakhali Sea Beach
Ci9DQUlRQUNvZENodHljRjlvT2t3d04xZFZUREpIVkU1UlNYcHVXbGMwZUdjM1ozYxAB,unknown,"no location, and wrote in English",,en,google_maps,Guliakhali Sea Beach
Ci9DQUlRQUNvZENodHljRjlvT25FMlQyVnNVMmRmZURWclRqSjNOR3R1TldsdVJWRRAB,unknown,"no location, and wrote in English",,en,google_maps,Guliakhali Sea Beach
Ci9DQUlRQUNvZENodHljRjlvT2psMVV6Qm9NVWRQTTNkMVZWVnJTblJvWmt0T2RIYxAB,unknown,"no location, and wrote in English",,en,google_maps,Guliakhali Sea Beach
Ci9DQUlRQUNvZENodHljRjlvT21sdVFYcFdVR1JMY1hjNFVHdGtUVlpwTmkwMU1XYxAB,unknown,"no location, and wrote in English",,en,google_maps,Guliakhali Sea Beach
Ci9DQUlRQUNvZENodHljRjlvT2paU01uWmlVbWxQY0VNdFdqbEtZblUzVVZkSU0yYxAB,unknown,"no location, and wrote in English",,en,google_maps,Guliakhali Sea Beach
Ci9DQUlRQUNvZENodHljRjlvT25rNFdHaGhkMFJGWmtWcVZVaElZaTE1YUhwT2VIYxAB,unknown,"no location, and wrote in English",,en,google_maps,Guliakhali Sea Beach
Ci9DQUlRQUNvZENodHljRjlvT21OV1MxZFZSalpSUzIwNVIwTTFNMDVWVFZOTllYYxAB,unknown,"no location, and wrote in English",,en,google_maps,Guliakhali Sea Beach
ChdDSUhNMG9nS0VJQ0FnTURJbXZEeS1nRRAB,unknown,"no location, and wrote in English",,en,google_maps,Guliakhali Sea Beach
ChdDSUhNMG9nS0VNSFNsTDdRNTlHVzRnRRAB,unknown,"no location, and wrote in English",,en,google_maps,Guliakhali Sea Beach
ChdDSUhNMG9nS0VJV0xuY2JnNExfMTFnRRAB,unknown,"no location, and wrote in English",,en,google_maps,Guliakhali Sea Beach
Ci9DQUlRQUNvZENodHljRjlvT2psdU5WQnNaMVIwZDJSTVNuWm9SR05ZVlU1eE5YYxAB,unknown,"no location, and wrote in English",,en,google_maps,Guliakhali Sea Beach
Ci9DQUlRQUNvZENodHljRjlvT25kQmJtNXJTVlJ1TVRoZlFsQjVSa3RLY0VwRE9IYxAB,unknown,"no location, and wrote in English",,en,google_maps,Guliakhali Sea Beach
Ci9DQUlRQUNvZENodHljRjlvT25adE5uRjBZVFl6TkRsRGRGOXNlbTV1UldOcGVWRRAB,unknown,"no location, and wrote in English",,en,google_maps,Sundarbans (Karamjal Wildlife Centre)
Ci9DQUlRQUNvZENodHljRjlvT21RdFowUnRhbE5QZFVGdVJWODBSVGt6V1dFeGIxRRAB,unknown,"no location, and wrote in English",,en,google_maps,Sundarbans (Karamjal Wildlife Centre)
Ci9DQUlRQUNvZENodHljRjlvT25SYVNWaHNUaTF6ZG5GU05sWnhkV2xHZDNobGRtYxAB,unknown,"no location, and wrote in English",,en,google_maps,Sundarbans (Karamjal Wildlife Centre)
Ci9DQUlRQUNvZENodHljRjlvT2xGblRERlpaRWx6TTFOMVRGUkhVekptWmpaT1dIYxAB,unknown,"no location, and wrote in English",,en,google_maps,Sundarbans (Karamjal Wildlife Centre)
Ci9DQUlRQUNvZENodHljRjlvT21SS1FXNU1ZekF5V0U5MlRqTk1ObGxpTFY5RlVuYxAB,unknown,"no location, and wrote in English",,en,google_maps,Sundarbans (Karamjal Wildlife Centre)
Ci9DQUlRQUNvZENodHljRjlvT2kxQk9GZDNaMWhsYTBkelFVWklNbk5QVWs1TU1GRRAB,unknown,"no location, and wrote in English",,en,google_maps,Sundarbans (Karamjal Wildlife Centre)
Ci9DQUlRQUNvZENodHljRjlvT25SWmJXZzBXbmhPTUcwd1dWbHJZa1p5YWw5eU1IYxAB,unknown,"no location, and wrote in English",,en,google_maps,Sundarbans (Karamjal Wildlife Centre)
Ci9DQUlRQUNvZENodHljRjlvT2tSUE0yUTNWVkpRUm05a2FWRnNjM0poWTNOUWFWRRAB,unknown,"no location, and wrote in English",,en,google_maps,Sundarbans (Karamjal Wildlife Centre)
Ci9DQUlRQUNvZENodHljRjlvT2t0MGMyaGFUbU5GYkZCVmRUZGxPR1pRWXpGaFJFRRAB,unknown,"no location, and wrote in English",,en,google_maps,Sundarbans (Karamjal Wildlife Centre)
Ci9DQUlRQUNvZENodHljRjlvT2xWbVZqQTRkV0ozZVVSalJFTmFibEp4WW14eWEyYxAB,unknown,"no location, and wrote in English",,en,google_maps,Sundarbans (Karamjal Wildlife Centre)
Ci9DQUlRQUNvZENodHljRjlvT21oQlJIRkdYMmhmWVU5clNrVXhNV0V5TkdweVpWRRAB,unknown,"no location, and wrote in English",,en,google_maps,Sundarbans (Karamjal Wildlife Centre)
Ci9DQUlRQUNvZENodHljRjlvT25KeU5IWktTbEpYYkRGVVRWSk1ZVUpaTkMwNGVGRRAB,unknown,"no location, and wrote in English",,en,google_maps,Sundarbans (Karamjal Wildlife Centre)
Ci9DQUlRQUNvZENodHljRjlvT2tvMmN6Wm9ZMVJpTmxwTVdqVk1jV1pXTkZGRlNrRRAB,unknown,"no location, and wrote in English",,en,google_maps,Sundarbans (Karamjal Wildlife Centre)
Ci9DQUlRQUNvZENodHljRjlvT2xseFZsb3dhM1puYmpCS1UyeHBWbU51VERaR01IYxAB,unknown,"no location, and wrote in English",,en,google_maps,Sundarbans (Karamjal Wildlife Centre)
Ci9DQUlRQUNvZENodHljRjlvT25oTGFTMXFNVGQwVGtGTk9XaDBWV0ZTYjFsRmRWRRAB,unknown,"no location, and wrote in English",,en,google_maps,Sundarbans (Karamjal Wildlife Centre)
ChdDSUhNMG9nS0VJQ0FnTURRMUphNF9nRRAB,unknown,"no location, and wrote in English",,en,google_maps,Sundarbans (Karamjal Wildlife Centre)
Ci9DQUlRQUNvZENodHljRjlvT210Q1dFUlhTbW8xUjA1UVIwcHdha0UyTTBOS1YwRRAB,unknown,"no location, and wrote in English",,en,google_maps,Sundarbans (Karamjal Wildlife Centre)
ChZDSUhNMG9nS0VJQ0FnSUNfd01QVmZnEAE,unknown,"no location, and wrote in English",,en,google_maps,Sundarbans (Karamjal Wildlife Centre)
Ci9DQUlRQUNvZENodHljRjlvT21wMVkzSnViR0pLYTFwUVEzbE1lSGxrUzFKVVltYxAB,unknown,"no location, and wrote in English",,en,google_maps,Sundarbans (Karamjal Wildlife Centre)
Ci9DQUlRQUNvZENodHljRjlvT25abFprWldTemhJWkdkcmRYZGFOWGR3Tm05NVduYxAB,unknown,"no location, and wrote in English",,en,google_maps,Sundarbans (Karamjal Wildlife Centre)
887b5a763c67dd38,foreign,stated location is Qatar,Qatar,en,booking.com,Sea Cox Hotel
9ea5e72e193f8a42,domestic,stated location is Bangladesh,Bangladesh,en,booking.com,Sea Cox Hotel
fbcc6b5eeb267851,domestic,stated location is Bangladesh,Bangladesh,en,booking.com,Sea Cox Hotel
9c118fe73a9c1895,domestic,stated location is Bangladesh,Bangladesh,en,booking.com,Sea Cox Hotel
100c471d0b3c1caf,domestic,stated location is Bangladesh,Bangladesh,bn,booking.com,Sea Cox Hotel
e262cc798f5c4ef9,domestic,stated location is Bangladesh,Bangladesh,en,booking.com,Sea Cox Hotel
5f6258aa4ffb05d2,domestic,stated location is Bangladesh,Bangladesh,en,booking.com,Sea Cox Hotel
3a6ed9f653821035,domestic,stated location is Bangladesh,Bangladesh,en,booking.com,Sea Cox Hotel
90755a3345a5a2d4,domestic,stated location is Bangladesh,Bangladesh,en,booking.com,Sea Cox Hotel
85c0be4e29ef25ec,domestic,stated location is Bangladesh,Bangladesh,en,booking.com,Sea Cox Hotel
ade42340f08b9de6,domestic,stated location is Bangladesh,Bangladesh,en,booking.com,Sea Cox Hotel
da4cde283e53676e,domestic,stated location is Bangladesh,Bangladesh,en,booking.com,Sea Cox Hotel
762a31527087fbf8,foreign,stated location is Japan,Japan,en,booking.com,Sea Cox Hotel
e8cd28925eee0b87,domestic,stated location is Bangladesh,Bangladesh,en,booking.com,Sea Cox Hotel
a41399f2052b1038,domestic,stated location is Bangladesh,Bangladesh,en,booking.com,Sea Cox Hotel
ed2b2e367fbc35be,domestic,stated location is Bangladesh,Bangladesh,en,booking.com,Sea Cox Hotel
1223e86d34794042,domestic,stated location is Bangladesh,Bangladesh,en,booking.com,Sea Cox Hotel
b906a4cc3fa1ae88,foreign,stated location is United Kingdom,United Kingdom,en,booking.com,Sea Cox Hotel
f7cf457ce6ed460f,domestic,stated location is Bangladesh,Bangladesh,en,booking.com,Sea Cox Hotel
1e86f7a1d8f381d1,domestic,stated location is Bangladesh,Bangladesh,en,booking.com,Sea Cox Hotel
2fe26567546fe241,foreign,stated location is United Kingdom,United Kingdom,en,booking.com,Noorjahan Grand Hotel
a8778b4383f0441a,foreign,stated location is United Kingdom,United Kingdom,en,booking.com,Noorjahan Grand Hotel
b45be64c7eb32aba,domestic,stated location is Bangladesh,Bangladesh,en,booking.com,Noorjahan Grand Hotel
88c3de39bd5ca3d3,foreign,stated location is United Kingdom,United Kingdom,en,booking.com,Noorjahan Grand Hotel
d784c88ed541c409,domestic,stated location is Bangladesh,Bangladesh,en,booking.com,Noorjahan Grand Hotel
c852e3e9d501d321,domestic,stated location is Bangladesh,Bangladesh,en,booking.com,Noorjahan Grand Hotel
8bdca128412a3c87,domestic,stated location is Bangladesh,Bangladesh,en,booking.com,Noorjahan Grand Hotel
ec0ab3f4a4c11d48,foreign,stated location is United Kingdom,United Kingdom,en,booking.com,Noorjahan Grand Hotel
925e78019b053f1a,foreign,stated location is United Kingdom,United Kingdom,en,booking.com,Noorjahan Grand Hotel
7785c2f687c1e6fd,foreign,stated location is United Kingdom,United Kingdom,en,booking.com,Noorjahan Grand Hotel
412f9cb00f27afe7,domestic,stated location is Bangladesh,Bangladesh,en,booking.com,Noorjahan Grand Hotel
c1c414afa03ba25b,domestic,stated location is Bangladesh,Bangladesh,en,booking.com,Noorjahan Grand Hotel
5b0e0b44150d2e81,domestic,stated location is Bangladesh,Bangladesh,en,booking.com,Noorjahan Grand Hotel
d45fe1248e75d9cf,domestic,stated location is Bangladesh,Bangladesh,en,booking.com,Noorjahan Grand Hotel
06c282e68b5beb59,domestic,stated location is Bangladesh,Bangladesh,en,booking.com,Noorjahan Grand Hotel
b6b6b6e3f6bcc3ed,foreign,stated location is United States,United States,en,booking.com,Noorjahan Grand Hotel
2f0d9b3ca3fd7819,domestic,stated location is Bangladesh,Bangladesh,en,booking.com,Noorjahan Grand Hotel
824ccdf9387574fd,domestic,stated location is Bangladesh,Bangladesh,en,booking.com,Noorjahan Grand Hotel
18914e4890d3b257,foreign,stated location is United Kingdom,United Kingdom,en,booking.com,Noorjahan Grand Hotel
99caa9e5bd347b1b,domestic,stated location is Bangladesh,Bangladesh,mixed,booking.com,Hoque Tower International
f0ab8e460b25d42b,foreign,stated location is Pakistan,Pakistan,en,booking.com,Hoque Tower International
7d0d638af3726f5d,domestic,stated location is Bangladesh,Bangladesh,en,booking.com,Hoque Tower International
a8addb7b00241729,foreign,stated location is Pakistan,Pakistan,en,booking.com,Hoque Tower International
9d1074cdaee4f8ad,domestic,stated location is Bangladesh,Bangladesh,en,booking.com,Hoque Tower International
8929b97f7c31076d,foreign,stated location is Australia,Australia,en,booking.com,Hoque Tower International
a60530b8386a4407,domestic,stated location is Bangladesh,Bangladesh,en,booking.com,Hoque Tower International
04cf3eb8dd8b8901,domestic,stated location is Bangladesh,Bangladesh,en,booking.com,Hoque Tower International
806964d9b09def09,domestic,stated location is Bangladesh,Bangladesh,en,booking.com,Hoque Tower International
e6e87e1f33e07492,domestic,stated location is Bangladesh,Bangladesh,en,booking.com,Hoque Tower International
8af8fb3ae40e874b,domestic,stated location is Bangladesh,Bangladesh,en,booking.com,Hoque Tower International
845947da7497e4be,domestic,stated location is Bangladesh,Bangladesh,en,booking.com,Hoque Tower International
27404e6777136b24,domestic,stated location is Bangladesh,Bangladesh,en,booking.com,Hoque Tower International
701b0b445902d743,domestic,stated location is Bangladesh,Bangladesh,en,booking.com,Hoque Tower International
87fd785f18ef3adb,foreign,stated location is Poland,Poland,en,booking.com,Hoque Tower International
3864f5eab33d2c8f,domestic,stated location is Bangladesh,Bangladesh,en,booking.com,Hoque Tower International
8eccf7509f26afb6,foreign,stated location is Saudi Arabia,Saudi Arabia,en,booking.com,Hoque Tower International
f3fb9f0e616c19e8,foreign,stated location is India,India,en,booking.com,Hoque Tower International
177cbaa52039aa35,domestic,stated location is Bangladesh,Bangladesh,en,booking.com,Hoque Tower International
66b007af51a41933,domestic,stated location is Bangladesh,Bangladesh,en,booking.com,Hoque Tower International
23b4639f6a7c73fa,domestic,stated location is Bangladesh,Bangladesh,en,booking.com,Foy's Lake Resort
afaf941983ee2837,domestic,stated location is Bangladesh,Bangladesh,en,booking.com,Foy's Lake Resort
8718f3fa6a8dfef2,foreign,stated location is Pakistan,Pakistan,en,booking.com,Foy's Lake Resort
c9f9da4879bdcfa3,domestic,stated location is Bangladesh,Bangladesh,en,booking.com,Foy's Lake Resort
9fbf6af5851f2537,domestic,stated location is Bangladesh,Bangladesh,en,booking.com,Foy's Lake Resort
60d3b07330744f7c,foreign,stated location is Sweden,Sweden,en,booking.com,Foy's Lake Resort
c631ba1d93bda88d,domestic,stated location is Bangladesh,Bangladesh,en,booking.com,Foy's Lake Resort
addcad6373f815e2,domestic,stated location is Bangladesh,Bangladesh,en,booking.com,Foy's Lake Resort
747e1ef968454a25,domestic,stated location is Bangladesh,Bangladesh,en,booking.com,Foy's Lake Resort
853f07a30db765c0,domestic,stated location is Bangladesh,Bangladesh,en,booking.com,Foy's Lake Resort
d452faa827667fc3,domestic,stated location is Bangladesh,Bangladesh,en,booking.com,Foy's Lake Resort
0c0b2c791fff584f,domestic,stated location is Bangladesh,Bangladesh,en,booking.com,Foy's Lake Resort
6a3dcc70bf4182f5,domestic,stated location is Bangladesh,Bangladesh,en,booking.com,Foy's Lake Resort
151464f4d0d34a85,domestic,stated location is Bangladesh,Bangladesh,en,booking.com,Foy's Lake Resort
2df82f9891cdc90e,domestic,stated location is Bangladesh,Bangladesh,en,booking.com,Foy's Lake Resort
2ecf29f044543b10,domestic,stated location is Bangladesh,Bangladesh,bn,booking.com,Foy's Lake Resort
f3a228b6efb1b8ae,domestic,stated location is Bangladesh,Bangladesh,en,booking.com,Foy's Lake Resort
6ea887aa92064668,foreign,stated location is India,India,en,booking.com,Foy's Lake Resort
1c06aeb7ba992927,foreign,stated location is Netherlands,Netherlands,other,booking.com,Foy's Lake Resort
d8bb763d22356072,domestic,stated location is Bangladesh,Bangladesh,en,booking.com,Foy's Lake Resort
eb61d56e9b31a84a,domestic,stated location is Bangladesh,Bangladesh,en,booking.com,Royal Pearl Suites
db6b9f70579bc6cf,domestic,stated location is Bangladesh,Bangladesh,en,booking.com,Royal Pearl Suites
e0cb349ee6263c57,foreign,stated location is Myanmar,Myanmar,en,booking.com,Royal Pearl Suites
694c9214eb6dcb64,foreign,stated location is Canada,Canada,en,booking.com,Royal Pearl Suites
f31804b6e7ce6fd0,domestic,stated location is Bangladesh,Bangladesh,en,booking.com,Royal Pearl Suites
5464f0c521782dfa,foreign,stated location is United Kingdom,United Kingdom,en,booking.com,Royal Pearl Suites
10b334ac8bd6d7cc,domestic,stated location is Bangladesh,Bangladesh,en,booking.com,Royal Pearl Suites
4956b7b6fb47d734,domestic,stated location is Bangladesh,Bangladesh,en,booking.com,Royal Pearl Suites
4781099e122ff976,domestic,stated location is Bangladesh,Bangladesh,bn,booking.com,Royal Pearl Suites
4a31de9595c6fc2e,domestic,stated location is Bangladesh,Bangladesh,en,booking.com,Royal Pearl Suites
bc65c87dab974545,domestic,stated location is Bangladesh,Bangladesh,en,booking.com,Royal Pearl Suites
a4fd3d2bc9ff9003,foreign,stated location is United States,United States,en,booking.com,Royal Pearl Suites
3a2439ff235248df,domestic,stated location is Bangladesh,Bangladesh,en,booking.com,Royal Pearl Suites
b8cf16ce35ceb787,domestic,stated location is Bangladesh,Bangladesh,en,booking.com,Royal Pearl Suites
7673a7b8440df9f3,foreign,stated location is United Kingdom,United Kingdom,en,booking.com,Royal Pearl Suites
eceffbf256b417ed,domestic,stated location is Bangladesh,Bangladesh,en,booking.com,Royal Pearl Suites
cb18542ae98409c0,foreign,stated location is United States,United States,en,booking.com,Royal Pearl Suites
179cc703a9cb387c,foreign,stated location is Netherlands,Netherlands,en,booking.com,Royal Pearl Suites
3a059bb42fa22b12,domestic,stated location is Bangladesh,Bangladesh,en,booking.com,Royal Pearl Suites
5f89e735624aa889,domestic,stated location is Bangladesh,Bangladesh,en,booking.com,Royal Pearl Suites
a56aa17f8ea02f28,domestic,stated location is Bangladesh,Bangladesh,en,booking.com,The Crystal Rose Hotel
c85f69f68d018275,foreign,stated location is United States,United States,en,booking.com,The Crystal Rose Hotel
6f17004a6ee2301b,domestic,stated location is Bangladesh,Bangladesh,en,booking.com,The Crystal Rose Hotel
4cb03aeffe0b2060,domestic,stated location is Bangladesh,Bangladesh,en,booking.com,The Crystal Rose Hotel
2c56650c0cf3a3ae,domestic,stated location is Bangladesh,Bangladesh,en,booking.com,The Crystal Rose Hotel
7468ce4d7189a469,domestic,stated location is Bangladesh,Bangladesh,en,booking.com,The Crystal Rose Hotel
bed2db46dc903426,domestic,stated location is Bangladesh,Bangladesh,en,booking.com,The Crystal Rose Hotel
ff2c7ba30bf55f3b,domestic,stated location is Bangladesh,Bangladesh,en,booking.com,The Crystal Rose Hotel
8fc201d3d4c08463,domestic,stated location is Bangladesh,Bangladesh,en,booking.com,The Crystal Rose Hotel
dfbb31d33793a82d,domestic,stated location is Bangladesh,Bangladesh,en,booking.com,The Crystal Rose Hotel
48d94e0b770a29b7,domestic,stated location is Bangladesh,Bangladesh,en,booking.com,The Crystal Rose Hotel
9b60031eabd13cd4,foreign,stated location is United Kingdom,United Kingdom,en,booking.com,The Crystal Rose Hotel
cea11af1772ff817,domestic,stated location is Bangladesh,Bangladesh,en,booking.com,The Crystal Rose Hotel
acf8625f0f82fe1a,foreign,stated location is United Kingdom,United Kingdom,en,booking.com,The Crystal Rose Hotel
7c6e9530ae0cc748,foreign,stated location is United Kingdom,United Kingdom,en,booking.com,The Crystal Rose Hotel
18a5a91bad06aaa5,domestic,stated location is Bangladesh,Bangladesh,en,booking.com,The Crystal Rose Hotel
e09e49ede79a576f,foreign,stated location is Australia,Australia,en,booking.com,The Crystal Rose Hotel
abdd7a41b12c69c4,domestic,stated location is Bangladesh,Bangladesh,en,booking.com,The Crystal Rose Hotel
bf1d52ea90a4dc54,foreign,stated location is United States,United States,en,booking.com,The Crystal Rose Hotel
b35dfe13078653a5,foreign,stated location is Australia,Australia,en,booking.com,The Crystal Rose Hotel
e52ed52a21a3ac93,domestic,stated location is Bangladesh,Bangladesh,en,booking.com,Heritage Hotel Chittagong
e0ec77430071ffcb,domestic,stated location is Bangladesh,Bangladesh,en,booking.com,Heritage Hotel Chittagong
9fab5415e9e5cf89,domestic,stated location is Bangladesh,Bangladesh,en,booking.com,Heritage Hotel Chittagong
72f6732cec9bda21,domestic,stated location is Bangladesh,Bangladesh,en,booking.com,Heritage Hotel Chittagong
65b0bcf615320596,domestic,stated location is Bangladesh,Bangladesh,en,booking.com,Heritage Hotel Chittagong
50e6486ce042a1a0,domestic,stated location is Bangladesh,Bangladesh,en,booking.com,Heritage Hotel Chittagong
4e9067b810119fb4,domestic,stated location is Bangladesh,Bangladesh,en,booking.com,Heritage Hotel Chittagong
0fce09c0a64d4dc6,foreign,stated location is Canada,Canada,en,booking.com,Heritage Hotel Chittagong
5916e4417da36245,domestic,stated location is Bangladesh,Bangladesh,en,booking.com,Heritage Hotel Chittagong
a24fd73297e7498d,domestic,stated location is Bangladesh,Bangladesh,en,booking.com,Heritage Hotel Chittagong
02b56e9a335b8466,domestic,stated location is Bangladesh,Bangladesh,en,booking.com,Heritage Hotel Chittagong
e2ca33a429ad379d,domestic,stated location is Bangladesh,Bangladesh,en,booking.com,Heritage Hotel Chittagong
dd8fc9057215807b,foreign,stated location is United Kingdom,United Kingdom,en,booking.com,Heritage Hotel Chittagong
36a01fb5705b69d2,domestic,stated location is Bangladesh,Bangladesh,en,booking.com,Heritage Hotel Chittagong
ca9b22efae6ad669,domestic,stated location is Bangladesh,Bangladesh,bn,booking.com,Heritage Hotel Chittagong
8a5b9dfb73a761b1,domestic,stated location is Bangladesh,Bangladesh,en,booking.com,Heritage Hotel Chittagong
d95e58f99538f42b,domestic,stated location is Bangladesh,Bangladesh,en,booking.com,Heritage Hotel Chittagong
7389a8f4f38c2d8f,domestic,stated location is Bangladesh,Bangladesh,en,booking.com,Heritage Hotel Chittagong
c8e9e24f76c0d105,domestic,stated location is Bangladesh,Bangladesh,en,booking.com,Heritage Hotel Chittagong
3f7280ba6131e62d,foreign,stated location is India,India,en,booking.com,Heritage Hotel Chittagong
f5395e037ef281ab,domestic,stated location is Bangladesh,Bangladesh,en,booking.com,Sylhet Paradise Inn
2a3ff5cf3a3f5555,foreign,stated location is United Kingdom,United Kingdom,en,booking.com,Sylhet Paradise Inn
f8877d87435011f1,domestic,stated location is Bangladesh,Bangladesh,en,booking.com,Sylhet Paradise Inn
850010ffd884a62f,domestic,stated location is Bangladesh,Bangladesh,en,booking.com,Sylhet Paradise Inn
537f858295f6131a,foreign,stated location is United Kingdom,United Kingdom,en,booking.com,Sylhet Paradise Inn
dc3ec71010c9aabe,domestic,stated location is Bangladesh,Bangladesh,en,booking.com,Sylhet Paradise Inn
648b45e938a14383,foreign,stated location is United States,United States,en,booking.com,Sylhet Paradise Inn
148a88f41372e23b,foreign,stated location is United Kingdom,United Kingdom,en,booking.com,Sylhet Paradise Inn
afbba463b8853cc2,domestic,stated location is Bangladesh,Bangladesh,en,booking.com,Sylhet Paradise Inn
9dc2c4fd3a12e50c,domestic,stated location is Bangladesh,Bangladesh,en,booking.com,Sylhet Paradise Inn
35db3c1dd46e132a,domestic,stated location is Bangladesh,Bangladesh,en,booking.com,Sylhet Paradise Inn
bade5e0783d6065c,domestic,stated location is Bangladesh,Bangladesh,en,booking.com,Sylhet Paradise Inn
b0b67ad660bc15a4,foreign,stated location is United Arab Emirates,United Arab Emirates,en,booking.com,Sylhet Paradise Inn
2ff83d1e5d72d898,domestic,stated location is Bangladesh,Bangladesh,en,booking.com,Sylhet Paradise Inn
eb6928a7cdaaf10f,foreign,stated location is United Kingdom,United Kingdom,en,booking.com,Sylhet Paradise Inn
a7dacbf7570df88d,domestic,stated location is Bangladesh,Bangladesh,en,booking.com,Sylhet Paradise Inn
009ac2a7c2f04dea,domestic,stated location is Bangladesh,Bangladesh,en,booking.com,Sylhet Paradise Inn
848bc0e4e57645f2,domestic,stated location is Bangladesh,Bangladesh,en,booking.com,Sylhet Paradise Inn
a55b37aa7f3301dd,foreign,stated location is United States,United States,en,booking.com,Sylhet Paradise Inn
3448279d3b327a86,domestic,stated location is Bangladesh,Bangladesh,en,booking.com,Sylhet Paradise Inn
9541da85e124d30b,domestic,stated location is Bangladesh,Bangladesh,en,booking.com,Kollol Hotel
46beaa5c839735f7,domestic,stated location is Bangladesh,Bangladesh,en,booking.com,Kollol Hotel
da7d38f184768c9e,domestic,stated location is Bangladesh,Bangladesh,en,booking.com,Kollol Hotel
c8c6fd77fc4562dc,domestic,stated location is Bangladesh,Bangladesh,en,booking.com,Kollol Hotel
2f4e6481a62db477,domestic,stated location is Bangladesh,Bangladesh,en,booking.com,Kollol Hotel
977577e9518cc2ee,domestic,stated location is Bangladesh,Bangladesh,en,booking.com,Kollol Hotel
df95339597fac975,domestic,stated location is Bangladesh,Bangladesh,en,booking.com,Kollol Hotel
3e815d4aaa4a548c,domestic,stated location is Bangladesh,Bangladesh,en,booking.com,Kollol Hotel
b0351fb98fb2c8e9,foreign,stated location is Australia,Australia,en,booking.com,Kollol Hotel
4b3a25adc3e698cc,foreign,stated location is United States,United States,en,booking.com,Kollol Hotel
a0eb675f53fd9db1,domestic,stated location is Bangladesh,Bangladesh,en,booking.com,Kollol Hotel
556fa64c5ec03dab,domestic,stated location is Bangladesh,Bangladesh,en,booking.com,Kollol Hotel
ac4fcf293ae22fa0,foreign,stated location is United States,United States,en,booking.com,Kollol Hotel
e85f677725ad98e9,domestic,stated location is Bangladesh,Bangladesh,en,booking.com,Kollol Hotel
8c0b7aa31fc0114f,foreign,stated location is United Kingdom,United Kingdom,en,booking.com,Kollol Hotel
dc405ba28d30fc66,domestic,stated location is Bangladesh,Bangladesh,en,booking.com,Kollol Hotel
c61c16f59ee204dd,domestic,stated location is Bangladesh,Bangladesh,en,booking.com,Kollol Hotel
c3dbe5109e882b07,foreign,stated location is United Kingdom,United Kingdom,en,booking.com,Kollol Hotel
577b8a194a4e1115,domestic,stated location is Bangladesh,Bangladesh,en,booking.com,Kollol Hotel
4eac5abc62f001b8,domestic,stated location is Bangladesh,Bangladesh,en,booking.com,Kollol Hotel
48dd42dcc9fad9f9,domestic,stated location is Bangladesh,Bangladesh,en,booking.com,West Park Inn
387d865344672e97,domestic,stated location is Bangladesh,Bangladesh,en,booking.com,West Park Inn
6d75da4c269f37fe,domestic,stated location is Bangladesh,Bangladesh,en,booking.com,West Park Inn
bb78a040af62f1a0,domestic,stated location is Bangladesh,Bangladesh,en,booking.com,West Park Inn
1c1c7bf26164c5b2,domestic,stated location is Bangladesh,Bangladesh,en,booking.com,West Park Inn
9d188ee705374b61,domestic,stated location is Bangladesh,Bangladesh,en,booking.com,West Park Inn
3a5153e357225d3e,domestic,stated location is Bangladesh,Bangladesh,en,booking.com,West Park Inn
15e02a30d6ad82dd,domestic,stated location is Bangladesh,Bangladesh,en,booking.com,West Park Inn
217bf37fbc84fb87,domestic,stated location is Bangladesh,Bangladesh,en,booking.com,West Park Inn
c5e180c1ac99697e,domestic,stated location is Bangladesh,Bangladesh,en,booking.com,West Park Inn
49e8f12488587f83,domestic,stated location is Bangladesh,Bangladesh,en,booking.com,West Park Inn
604a4973f812568d,domestic,stated location is Bangladesh,Bangladesh,en,booking.com,West Park Inn
c5dd9bc740fee607,domestic,stated location is Bangladesh,Bangladesh,en,booking.com,West Park Inn
1d2c1ca91c603fe0,domestic,stated location is Bangladesh,Bangladesh,en,booking.com,West Park Inn
77f74a7ea096a8ce,domestic,stated location is Bangladesh,Bangladesh,en,booking.com,West Park Inn
59ed95eaf5cdd411,domestic,stated location is Bangladesh,Bangladesh,en,booking.com,West Park Inn
0487a16d54003227,foreign,stated location is United Kingdom,United Kingdom,en,booking.com,West Park Inn
de4ee549075110a6,domestic,stated location is Bangladesh,Bangladesh,en,booking.com,West Park Inn
8688e36e2cb8277d,foreign,stated location is Australia,Australia,en,booking.com,West Park Inn
9c268c48ad379b4f,domestic,stated location is Bangladesh,Bangladesh,en,booking.com,West Park Inn
5855a5409b9082c7,domestic,stated location is Bangladesh,Bangladesh,en,booking.com,Green Edge Hotel
da6c1b8533c0bdb9,foreign,stated location is Cambodia,Cambodia,en,booking.com,Green Edge Hotel
c124143d8f7b34b2,domestic,stated location is Bangladesh,Bangladesh,en,booking.com,Green Edge Hotel
b361f4e7649b8634,domestic,stated location is Bangladesh,Bangladesh,en,booking.com,Green Edge Hotel
5a2fbc0e3b889cfc,domestic,stated location is Bangladesh,Bangladesh,en,booking.com,Green Edge Hotel
09172a2130a2204a,domestic,stated location is Bangladesh,Bangladesh,en,booking.com,Green Edge Hotel
347754e74758fde7,domestic,stated location is Bangladesh,Bangladesh,en,booking.com,Green Edge Hotel
01ab59927b8a4dfb,domestic,stated location is Bangladesh,Bangladesh,en,booking.com,Green Edge Hotel
977412c37f94463c,domestic,stated location is Bangladesh,Bangladesh,en,booking.com,Green Edge Hotel
ea62799cc21f207b,domestic,stated location is Bangladesh,Bangladesh,en,booking.com,Green Edge Hotel
8ad157b61780f154,domestic,stated location is Bangladesh,Bangladesh,en,booking.com,Green Edge Hotel
f859dfb3fd22b3fc,domestic,stated location is Bangladesh,Bangladesh,en,booking.com,Green Edge Hotel
f2d70e046686e909,foreign,stated location is Switzerland,Switzerland,en,booking.com,Green Edge Hotel
a074e89a081baf60,domestic,stated location is Bangladesh,Bangladesh,en,booking.com,Green Edge Hotel
9b2430ba8daa55f2,domestic,stated location is Bangladesh,Bangladesh,en,booking.com,Green Edge Hotel
1b1f105ddf420442,domestic,stated location is Bangladesh,Bangladesh,en,booking.com,Green Edge Hotel
e99fdc2d80003261,domestic,stated location is Bangladesh,Bangladesh,en,booking.com,Green Edge Hotel
e624b5d47550e663,domestic,stated location is Bangladesh,Bangladesh,en,booking.com,Green Edge Hotel
f85a63976e89a7e4,foreign,stated location is Malaysia,Malaysia,en,booking.com,Green Edge Hotel
cc1d50786d8e1dea,domestic,stated location is Bangladesh,Bangladesh,en,booking.com,Green Edge Hotel
8f7b94253806182e,foreign,stated location is Australia,Australia,en,booking.com,Civic Inn
0b8a3b019041b1b7,domestic,stated location is Bangladesh,Bangladesh,en,booking.com,Civic Inn
80231ee6118a7acd,foreign,stated location is United States,United States,en,booking.com,Civic Inn
9472409c63a75078,domestic,stated location is Bangladesh,Bangladesh,en,booking.com,Civic Inn
8e1eebda5d7fc548,domestic,stated location is Bangladesh,Bangladesh,en,booking.com,Civic Inn
cd20b906aa10e495,foreign,stated location is United Kingdom,United Kingdom,en,booking.com,Civic Inn
191c0d0ac11f5a51,domestic,stated location is Bangladesh,Bangladesh,en,booking.com,Civic Inn
5d8bcb167f010951,domestic,stated location is Bangladesh,Bangladesh,en,booking.com,Civic Inn
918a3b451bde6a47,domestic,stated location is Bangladesh,Bangladesh,en,booking.com,Civic Inn
b8eb55c541a75586,domestic,stated location is Bangladesh,Bangladesh,en,booking.com,Civic Inn
cfa8d6cf46f50ad5,domestic,stated location is Bangladesh,Bangladesh,en,booking.com,Civic Inn
f418ffc4587ff92a,domestic,stated location is Bangladesh,Bangladesh,en,booking.com,Civic Inn
fcd890c01d314c18,domestic,stated location is Bangladesh,Bangladesh,en,booking.com,Civic Inn
13f11982b2fa6e1f,foreign,stated location is India,India,en,booking.com,Civic Inn
82f1a35057c54cb5,foreign,stated location is Cambodia,Cambodia,en,booking.com,Civic Inn
fdd8bbc0cda95963,domestic,stated location is Bangladesh,Bangladesh,en,booking.com,Civic Inn
c5861667902a8702,domestic,stated location is Bangladesh,Bangladesh,en,booking.com,Civic Inn
97e6dc61796aaf94,foreign,stated location is United Kingdom,United Kingdom,en,booking.com,Civic Inn
307ed2b379815b7f,foreign,stated location is Pakistan,Pakistan,en,booking.com,Civic Inn
