place_name,address,city,category,review_rating,place_avg_rating,review_text,review_date,review_language,reviewer_num_reviews,reviewer_is_local_guide,review_likes,review_id,source_url,source,traveler_type,user_location,nights_stayed
Sea Cox Hotel,,Cox's Bazar,hotel,3.5,3.1,"Good | Liked: service,behaviour like a professional . | Disliked: Attitude like professional",2026-06-20T14:24:03.000Z,en,,,0.0,887b5a763c67dd38,https://www.booking.com/hotel/bd/sea-cox.html,booking.com,Solo traveler,Qatar,2
Sea Cox Hotel,,Cox's Bazar,hotel,4.5,3.1,"Good. | Liked: Breakfast is good. The hotel location is nice, near the beach. | Disliked: Hot weather, vehicles' sound.",2026-06-01T11:06:44.000Z,en,,,0.0,9ea5e72e193f8a42,https://www.booking.com/hotel/bd/sea-cox.html,booking.com,Family,Bangladesh,2
Sea Cox Hotel,,Cox's Bazar,hotel,3.0,3.1,Pleasant | Liked: Breakfast was good,2026-01-05T15:30:00.000Z,en,,,0.0,fbcc6b5eeb267851,https://www.booking.com/hotel/bd/sea-cox.html,booking.com,Couple,Bangladesh,6
Sea Cox Hotel,,Cox's Bazar,hotel,0.5,3.1,Fucked up the money with tripple charge! People took the same room in front of us at 1/3 of price! Booking.com is a | Disliked: Everything,2025-12-29T17:08:42.000Z,en,,,,9c118fe73a9c1895,https://www.booking.com/hotel/bd/sea-cox.html,booking.com,Couple,Bangladesh,1
Sea Cox Hotel,,Cox's Bazar,hotel,1.5,3.1,গিজার কাজ করে না 😔 বেসিনে পানি আসে না জানানোর পরও কাজ হয় নাক বাধ্য হয়ে থাকতে হয়েছে | Disliked: গিজার কাজ করে না 😔 বেসিনে পানি আসে না জানানোর পরও কাজ হয় নাক বাধ্য হয়ে থাকতে হয়েছে,2025-12-27T15:08:50.000Z,en,,,0.0,100c471d0b3c1caf,https://www.booking.com/hotel/bd/sea-cox.html,booking.com,Couple,Bangladesh,2
Sea Cox Hotel,,Cox's Bazar,hotel,3.0,3.1,Decent stay not that good! | Liked: Good location | Disliked: Not clean enough tv doesn’t work,2025-12-24T12:30:33.000Z,en,,,0.0,e262cc798f5c4ef9,https://www.booking.com/hotel/bd/sea-cox.html,booking.com,Group,Bangladesh,2
Sea Cox Hotel,,Cox's Bazar,hotel,1.0,3.1,"It was 2000 taka per night level but it costs more than 3 times. | Liked: I expected more facilities at least compatible with the charges. But it's not up to the mark. | Disliked: It's too old. Electricity instruments, bathrooms fittings everything gets old. Comparing with charge breakfast also too poor.",2025-10-03T15:12:49.000Z,en,,,1.0,5f6258aa4ffb05d2,https://www.booking.com/hotel/bd/sea-cox.html,booking.com,Family,Bangladesh,2
Sea Cox Hotel,,Cox's Bazar,hotel,5.0,3.1,Exceptional | Liked: clean and security system | Disliked: morning time reception is not friendly,2025-09-30T17:44:58.000Z,en,,,0.0,3a6ed9f653821035,https://www.booking.com/hotel/bd/sea-cox.html,booking.com,Group,Bangladesh,3
Sea Cox Hotel,,Cox's Bazar,hotel,4.5,3.1,Superb | Liked: Good and safe hotel.,2025-08-04T08:04:44.000Z,en,,,0.0,90755a3345a5a2d4,https://www.booking.com/hotel/bd/sea-cox.html,booking.com,Family,Bangladesh,2
Sea Cox Hotel,,Cox's Bazar,hotel,4.0,3.1,"Very good | Liked: The location, room, facilities. | Disliked: Check out time is too early.",2025-07-11T03:23:57.000Z,en,,,0.0,85c0be4e29ef25ec,https://www.booking.com/hotel/bd/sea-cox.html,booking.com,Group,Bangladesh,1
Sea Cox Hotel,,Cox's Bazar,hotel,3.0,3.1,"Pleasant | Liked: Response are so fast,, | Disliked: Cleanness",2025-06-08T13:22:03.000Z,xu,,,0.0,ade42340f08b9de6,https://www.booking.com/hotel/bd/sea-cox.html,booking.com,Couple,Bangladesh,2
Sea Cox Hotel,,Cox's Bazar,hotel,4.5,3.1,Hotel location position and quality is good | Liked: I am passing with good time with my family in this hotel. Hotel restaurant food quality is very good and they provide room delivery.,2025-05-03T22:36:27.000Z,en,,,0.0,da4cde283e53676e,https://www.booking.com/hotel/bd/sea-cox.html,booking.com,Family,Bangladesh,3
Sea Cox Hotel,,Cox's Bazar,hotel,1.0,3.1,Very poor | Liked: Dirty property,2025-03-17T08:43:37.000Z,xu,,,1.0,762a31527087fbf8,https://www.booking.com/hotel/bd/sea-cox.html,booking.com,Couple,Japan,1
Sea Cox Hotel,,Cox's Bazar,hotel,1.5,3.1,"Poor | Liked: poorly organized, too spicy, burnt, limited supply. | Disliked: replacing of broken materials would be better than repairing them, noise cancelling was necessary.",2025-02-17T12:24:49.000Z,en,,,1.0,e8cd28925eee0b87,https://www.booking.com/hotel/bd/sea-cox.html,booking.com,Couple,Bangladesh,4
Sea Cox Hotel,,Cox's Bazar,hotel,2.5,3.1,Passable | Disliked: Toilet/ washroom was not good,2025-02-16T16:30:49.000Z,en,,,2.0,a41399f2052b1038,https://www.booking.com/hotel/bd/sea-cox.html,booking.com,Family,Bangladesh,2
Sea Cox Hotel,,Cox's Bazar,hotel,2.0,3.1,Disappointing | Liked: I didn't get any room there those who are allergy free environment. | Disliked: Dam full walls and not so clean of washrooms. Roof ceilings are need to be improve and make them damn proofs.,2025-01-29T15:49:05.000Z,en,,,0.0,ed2b2e367fbc35be,https://www.booking.com/hotel/bd/sea-cox.html,booking.com,Couple,Bangladesh,2
Sea Cox Hotel,,Cox's Bazar,hotel,4.5,3.1,Superb | Liked: everything | Disliked: Nothing to unlike!,2025-01-15T15:09:00.000Z,xu,,,0.0,1223e86d34794042,https://www.booking.com/hotel/bd/sea-cox.html,booking.com,Group,Bangladesh,1
Sea Cox Hotel,,Cox's Bazar,hotel,4.0,3.1,Breakfast was poor | Liked: It was good stay | Disliked: Good location. & clean,2025-01-11T17:27:02.000Z,en,,,0.0,b906a4cc3fa1ae88,https://www.booking.com/hotel/bd/sea-cox.html,booking.com,Couple,United Kingdom,3
Sea Cox Hotel,,Cox's Bazar,hotel,1.5,3.1,"Confused abput the 3 star level of this hotel. | Liked: Did not get sea view room as reserved during booking. Booking dot com chage was $40 but they claimed $46. My room was on the top floor but no lift. Breakfast room is in a public hotel. They don't have any breakfast room and space is limited and looks like a  market place. This services ned to provide to customers to get a paymnet of $46. Otherwise they must reduce tyhe rate,",2025-01-06T14:42:20.000Z,en,,,1.0,f7cf457ce6ed460f,https://www.booking.com/hotel/bd/sea-cox.html,booking.com,Couple,Bangladesh,1
Sea Cox Hotel,,Cox's Bazar,hotel,2.5,3.1,"Passable | Liked: Staffs behaviour | Disliked: Food,  need to improve",2025-01-04T15:09:01.000Z,en,,,0.0,1e86f7a1d8f381d1,https://www.booking.com/hotel/bd/sea-cox.html,booking.com,Family,Bangladesh,2
Noorjahan Grand Hotel,,Sylhet,hotel,3.5,3.65,Good for location and rooftop pool | Liked: Location and the rooftop pool. And the restaurant | Disliked: Lifts takes long time and sometimes electricity goes off it is bit scary.,2026-08-08T21:15:18.000Z,en,,,0.0,2fe26567546fe241,https://www.booking.com/hotel/bd/noorjahan-grand.html,booking.com,Solo traveler,United Kingdom,1
Noorjahan Grand Hotel,,Sylhet,hotel,0.5,3.65,"Extremely disappointing. | Liked: Staff, security and service people were all professional and nice. | Disliked: Everything was wrong with this hotel.

Rooms had a horrible moldy smell, with even the hallways being very stinky. They had only 2 working lifts with 1 always out of order, all having horrible smells.

The state of the rooms were poor and disgusting, leading to 3 room changes before having to upgrade our room. Even the upgraded room was very average.

Headboards were dirty, bedsheets, pillow sheets and towels were stained. Air was musty and bathrooms were not thoroughly cleaned.

Bathrooms were poorly cleaned, with the shower cubicle not properly closing. Limescale on taps

We had 2 rooms for our family, with both having faulty fridges needing to be replaced by staff.
The overall feel was that the place was falling apart.

Our room had a ceiling leak as well as a constant dripping sound from the bathroom due to a pipe leak.",2026-08-07T12:46:30.000Z,xu,,,0.0,a8778b4383f0441a,https://www.booking.com/hotel/bd/noorjahan-grand.html,booking.com,Group,United Kingdom,6
Noorjahan Grand Hotel,,Sylhet,hotel,5.0,3.65,Exceptional | Liked: Good,2026-08-06T22:00:08.000Z,xu,,,1.0,b45be64c7eb32aba,https://www.booking.com/hotel/bd/noorjahan-grand.html,booking.com,Group,Bangladesh,1
Noorjahan Grand Hotel,,Sylhet,hotel,5.0,3.65,Exceptional | Liked: Property nice and clean,2026-08-03T17:42:52.000Z,xu,,,0.0,88c3de39bd5ca3d3,https://www.booking.com/hotel/bd/noorjahan-grand.html,booking.com,Couple,United Kingdom,1
Noorjahan Grand Hotel,,Sylhet,hotel,4.0,3.65,"Very good | Liked: OK, but items should be more. Continental items need to be increased. Sour card should be added.",2026-08-02T03:09:01.000Z,xu,,,0.0,d784c88ed541c409,https://www.booking.com/hotel/bd/noorjahan-grand.html,booking.com,Family,Bangladesh,2
Noorjahan Grand Hotel,,Sylhet,hotel,3.5,3.65,Good | Liked: Good | Disliked: Size of bed & room,2026-07-28T15:15:13.000Z,en,,,0.0,c852e3e9d501d321,https://www.booking.com/hotel/bd/noorjahan-grand.html,booking.com,Family,Bangladesh,3
Noorjahan Grand Hotel,,Sylhet,hotel,4.0,3.65,"Overall Good hotel | Liked: The experience for breakfast was good.
The staff is warm and friendly and the bed is good too",2026-07-28T03:38:44.000Z,en,,,0.0,8bdca128412a3c87,https://www.booking.com/hotel/bd/noorjahan-grand.html,booking.com,Couple,Bangladesh,1
Noorjahan Grand Hotel,,Sylhet,hotel,4.0,3.65,Great and ideal stay. Great value for money! Great location | Liked: Great hotel. Accommodated my family of 5 in a family room. Customer service was exceptional. I would prefer it if the pool was heated which it wasn’t. Only criticism.   I’ve recommended family and friends who have joined us at the hotel in different rooms who had a pleasant stay. | Disliked: Quite outdated.,2026-07-27T16:05:37.000Z,en,,,0.0,ec0ab3f4a4c11d48,https://www.booking.com/hotel/bd/noorjahan-grand.html,booking.com,Family,United Kingdom,1
Noorjahan Grand Hotel,,Sylhet,hotel,1.5,3.65,Very disappointing. | Liked: The AC at the room was working properly and the pool facilities were very good. | Disliked: I was expecting my room to be big as I booked it for 3 people and a bit like the picture I saw on their site. The room had a lot of defects and they were charging me extra money for an extra bed for my child when I already paid extra .,2026-07-27T10:46:27.000Z,en,,,0.0,925e78019b053f1a,https://www.booking.com/hotel/bd/noorjahan-grand.html,booking.com,Family,United Kingdom,1
Noorjahan Grand Hotel,,Sylhet,hotel,2.0,3.65,"Disappointing | Liked: Location, swimming pool | Disliked: Breakfast slow service not enough foods",2026-07-27T06:48:14.000Z,en,,,0.0,7785c2f687c1e6fd,https://www.booking.com/hotel/bd/noorjahan-grand.html,booking.com,Group,United Kingdom,1
Noorjahan Grand Hotel,,Sylhet,hotel,4.0,3.65,Very good | Liked: Infinity swimming pool | Disliked: No balcony available,2026-07-27T02:04:40.000Z,en,,,0.0,412f9cb00f27afe7,https://www.booking.com/hotel/bd/noorjahan-grand.html,booking.com,Group,Bangladesh,3
Noorjahan Grand Hotel,,Sylhet,hotel,4.0,3.65,"This is a very comfortable hotel for your stay. Nice and the environment was very good also there br | Liked: Location,Top Restaurant,Pool | Disliked: Entry of the hotel",2026-07-26T05:08:38.000Z,en,,,1.0,c1c414afa03ba25b,https://www.booking.com/hotel/bd/noorjahan-grand.html,booking.com,Couple,Bangladesh,1
Noorjahan Grand Hotel,,Sylhet,hotel,4.5,3.65,"Superb | Disliked: Unfortunately, I can't swim. Cze rainey weather",2026-07-24T15:14:04.000Z,xu,,,0.0,5b0e0b44150d2e81,https://www.booking.com/hotel/bd/noorjahan-grand.html,booking.com,Solo traveler,Bangladesh,3
Noorjahan Grand Hotel,,Sylhet,hotel,4.0,3.65,"Very good | Liked: Location, cost effective, swimming pool, staff | Disliked: Small bed, foods",2026-07-20T18:26:57.000Z,en,,,0.0,d45fe1248e75d9cf,https://www.booking.com/hotel/bd/noorjahan-grand.html,booking.com,Solo traveler,Bangladesh,3
Noorjahan Grand Hotel,,Sylhet,hotel,4.0,3.65,"Very good | Liked: Cost effective, wonderful location, nice swimming pool well behaved staff | Disliked: Bed was too small and Food items were limited and taste was not upto the mark.",2026-07-20T18:25:04.000Z,en,,,0.0,06c282e68b5beb59,https://www.booking.com/hotel/bd/noorjahan-grand.html,booking.com,Solo traveler,Bangladesh,3
Noorjahan Grand Hotel,,Sylhet,hotel,3.5,3.65,The property is clean but everything seems old and worn out. But it’s a good value for the money. | Liked: The location is good. Staffs are friendly. The property is clean. | Disliked: Everything seems old and worn out. The mattress spring in some rooms worn out. But this is good value for the money .,2026-07-19T19:03:57.000Z,xu,,,0.0,b6b6b6e3f6bcc3ed,https://www.booking.com/hotel/bd/noorjahan-grand.html,booking.com,Solo traveler,United States,3
Noorjahan Grand Hotel,,Sylhet,hotel,0.5,3.65,Bad | Liked: No,2026-07-17T17:23:07.000Z,en,,,0.0,871fbd74c49b62ff,https://www.booking.com/hotel/bd/noorjahan-grand.html,booking.com,Solo traveler,Bangladesh,2
Noorjahan Grand Hotel,,Sylhet,hotel,1.0,3.65,Not bad | Liked: Not good | Disliked: Comfort,2026-07-16T15:11:45.000Z,en,,,0.0,2f0d9b3ca3fd7819,https://www.booking.com/hotel/bd/noorjahan-grand.html,booking.com,Family,Bangladesh,3
Noorjahan Grand Hotel,,Sylhet,hotel,5.0,3.65,Exceptional | Liked: Their behaviour is so excellent,2026-07-15T10:53:31.000Z,en,,,0.0,824ccdf9387574fd,https://www.booking.com/hotel/bd/noorjahan-grand.html,booking.com,Solo traveler,Bangladesh,2
Noorjahan Grand Hotel,,Sylhet,hotel,0.5,3.65,"Bad | Liked: Bad experience | Disliked: Service was not good had to have a shower in cold water after contacting them numerous of times. Housing keeping do not come. Reception staff are rude. Can get better rooms in sylhet for cheaper
No fridge in room everything they write online is fake.",2026-07-14T15:19:10.000Z,en,,,0.0,18914e4890d3b257,https://www.booking.com/hotel/bd/noorjahan-grand.html,booking.com,Solo traveler,United Kingdom,2
Hoque Tower International,,Chittagong,hotel,5.0,3.05,"Clean, comfortable and great value — helpful staff and reliable WiFi. | Liked: Excellent value for the price! The room was clean and comfortable, and the staff were genuinely helpful — when I asked for an extra pillow, they brought it right away. The WiFi worked well throughout my stay. Great choice for a short, budget-friendly stay in Chittagong. Would happily stay here again.
দামের তুলনায় দারুণ! রুম পরিষ্কার ও আরামদায়ক ছিল, আর স্টাফরা সত্যিই সহযোগী — বাড়তি বালিশ চাইতেই সাথে সাথে এনে দিয়েছে। পুরো সময় WiFi ভালোভাবে কাজ করেছে। চট্টগ্রামে অল্প বাজেটে এক রাতের জন্য একদম উপযুক্ত। সুযোগ পেলে আবারও থাকব। | Disliked: Nothing really — everything was good for the price.
তেমন কিছু না — এই দামে সবকিছুই ভালো ছিল।",2026-07-19T15:15:05.000Z,en,,,0.0,99caa9e5bd347b1b,https://www.booking.com/hotel/bd/hoque-tower-international.html,booking.com,Solo traveler,Bangladesh,1
Hoque Tower International,,Chittagong,hotel,3.0,3.05,Not worth | Liked: Only the location. | Disliked: Fridge was in one guests bedroom not in kitchen no microwave. No elevator. Generator also malfunctioned. Room was so small one couldnt even pray in it.,2026-06-02T15:30:24.000Z,en,,,0.0,f0ab8e460b25d42b,https://www.booking.com/hotel/bd/hoque-tower-international.html,booking.com,Solo traveler,Pakistan,2
Hoque Tower International,,Chittagong,hotel,5.0,3.05,Exceptional | Liked: The Location and Privacy | Disliked: Nothing specific,2026-05-22T16:22:03.000Z,en,,,0.0,7d0d638af3726f5d,https://www.booking.com/hotel/bd/hoque-tower-international.html,booking.com,Solo traveler,Bangladesh,1
Hoque Tower International,,Chittagong,hotel,3.0,3.05,"Pleasant | Disliked: such as clean rooms, friendly staff, and a convenient location.",2026-05-14T12:01:06.000Z,xu,,,0.0,a8addb7b00241729,https://www.booking.com/hotel/bd/hoque-tower-international.html,booking.com,Solo traveler,Pakistan,2
Hoque Tower International,,Chittagong,hotel,5.0,3.05,Exceptional | Liked: Best,2026-05-13T18:56:57.000Z,xu,,,0.0,9d1074cdaee4f8ad,https://www.booking.com/hotel/bd/hoque-tower-international.html,booking.com,Couple,Bangladesh,1
Hoque Tower International,,Chittagong,hotel,3.5,3.05,staff was nice enough to let in before 1130 am | Liked: A decent location next to the highway | Disliked: You get what you pay for,2026-05-06T10:14:01.000Z,en,,,1.0,8929b97f7c31076d,https://www.booking.com/hotel/bd/hoque-tower-international.html,booking.com,Solo traveler,Australia,1
Hoque Tower International,,Chittagong,hotel,0.5,3.05,"Bad | Disliked: Ther were 
 lift facilities we had to climb 7 floors.Everytime we went outside we needed to give our keys to the manager and they always ask if we turned off the AC or not. The bathroom wasn't clear and there was dust in our room . The TV and network was not working. We upgraded the room to deluxe family room but the facilities were too poor for 2100 tk and over that the manager will force you to give tips saying this and that",2026-03-30T06:37:46.000Z,en,,,0.0,a60530b8386a4407,https://www.booking.com/hotel/bd/hoque-tower-international.html,booking.com,Couple,Bangladesh,1
Hoque Tower International,,Chittagong,hotel,1.5,3.05,Poor | Liked: No one can sleep at night because of mosquitoes,2026-02-05T01:36:46.000Z,en,,,0.0,04cf3eb8dd8b8901,https://www.booking.com/hotel/bd/hoque-tower-international.html,booking.com,Family,Bangladesh,2
Hoque Tower International,,Chittagong,hotel,1.0,3.05,"Very poor | Liked: I didn't like anything. | Disliked: Their time management was very poor. Besides, I didn't like their service.",2026-02-04T13:23:32.000Z,en,,,0.0,806964d9b09def09,https://www.booking.com/hotel/bd/hoque-tower-international.html,booking.com,Group,Bangladesh,1
Hoque Tower International,,Chittagong,hotel,5.0,3.05,Al over good | Liked: Good,2026-01-31T16:53:48.000Z,en,,,0.0,e6e87e1f33e07492,https://www.booking.com/hotel/bd/hoque-tower-international.html,booking.com,Solo traveler,Bangladesh,3
Hoque Tower International,,Chittagong,hotel,0.5,3.05,Bad | Liked: Nothing. Worst experience,2026-01-28T12:26:48.000Z,en,,,0.0,8af8fb3ae40e874b,https://www.booking.com/hotel/bd/hoque-tower-international.html,booking.com,Couple,Bangladesh,1
Hoque Tower International,,Chittagong,hotel,4.0,3.05,Very good | Liked: Prime Location in very reasonable price,2026-01-18T12:10:59.000Z,en,,,1.0,845947da7497e4be,https://www.booking.com/hotel/bd/hoque-tower-international.html,booking.com,Solo traveler,Bangladesh,2
Hoque Tower International,,Chittagong,hotel,0.5,3.05,Bad | Disliked: Room Very dirty.no elevator. no restaurant. no facial tissue.. I will never come again,2026-01-18T07:01:47.000Z,xu,,,0.0,27404e6777136b24,https://www.booking.com/hotel/bd/hoque-tower-international.html,booking.com,Couple,Bangladesh,1
Hoque Tower International,,Chittagong,hotel,2.0,3.05,"Good price but don't expect much | Liked: The only good thing that's actually good was the price honestly. The location was also good, easy access to transportations. Also you can check in early but there's a charge though which seems normal. | Disliked: Well, there's a few. The blankets had small circular burn marks, which may be from cigarettes I believe. There was smell from smoking which I think came from the other rooms around.",2026-01-10T13:55:09.000Z,xu,,,0.0,701b0b445902d743,https://www.booking.com/hotel/bd/hoque-tower-international.html,booking.com,Group,Bangladesh,1
Hoque Tower International,,Chittagong,hotel,5.0,3.05,"Perfect staff | Liked: I'm impressed with the hotel staff. They're very kind and helpful! Especially Ismael, who saved my friend's life in a critical situation. We were waiting at the station for a bus to Dhaka when it turned out my friend had left his documents and bank cards somewhere at the hotel. I immediately called Ismael, who quickly located the wallet and immediately sent a smart guy to the location I'd sent him. He arrived very quickly and arrived just in time. It was tense, but thanks to Ismael's quick reaction, everything turned out well. | Disliked: Everything was OK",2026-01-07T02:13:11.000Z,en,,,1.0,87fd785f18ef3adb,https://www.booking.com/hotel/bd/hoque-tower-international.html,booking.com,Group,Poland,3
Hoque Tower International,,Chittagong,hotel,0.5,3.05,worse | Liked: i didnt like anything! they didnt have parking | Disliked: i didnt like anything! they didnt have parking,2025-12-31T13:30:14.000Z,xu,,,0.0,3864f5eab33d2c8f,https://www.booking.com/hotel/bd/hoque-tower-international.html,booking.com,Group,Bangladesh,2
Hoque Tower International,,Chittagong,hotel,5.0,3.05,Exceptional | Liked: Good 👍🏻,2025-12-17T16:27:34.000Z,xu,,,0.0,8eccf7509f26afb6,https://www.booking.com/hotel/bd/hoque-tower-international.html,booking.com,Couple,Saudi Arabia,1
Hoque Tower International,,Chittagong,hotel,4.5,3.05,Good experience | Liked: Staff behaviour | Disliked: Noise,2025-12-03T15:36:53.000Z,en,,,1.0,f3fb9f0e616c19e8,https://www.booking.com/hotel/bd/hoque-tower-international.html,booking.com,Solo traveler,India,1
Hoque Tower International,,Chittagong,hotel,2.5,3.05,Passable | Liked: I think they provide  best  Service .  but they give me poor room 506 and 508. They scenecreat  late night to confirm  the booking. They  forced me to  give him my family  photo and  information. I Don't  avoid this  in late night. Harrasmental situation. | Disliked: Poor Facilities  and  they asking  lot of question. High charge  with tax.  No  pay slip provide.  Occurred  setuation.,2025-12-02T17:22:21.000Z,en,,,1.0,177cbaa52039aa35,https://www.booking.com/hotel/bd/hoque-tower-international.html,booking.com,Group,Bangladesh,1
Hoque Tower International,,Chittagong,hotel,2.5,3.05,Old building | Liked: Average | Disliked: Old building,2025-11-27T10:51:24.000Z,xu,,,0.0,66b007af51a41933,https://www.booking.com/hotel/bd/hoque-tower-international.html,booking.com,Solo traveler,Bangladesh,1
Foy's Lake Resort,,Chittagong,hotel,0.5,3.6,it was really bad experience | Liked: Nothing was to my liking. The room was dirty and it was clean. | Disliked: He charged me an extra 1500 taka for stains on the bedsheet which was the worst experience of my life so I will not encourage anyone else to go there.,2026-08-01T01:00:45.000Z,en,,,0.0,23b4639f6a7c73fa,https://www.booking.com/hotel/bd/foys-lake-resort-chittagong1.html,booking.com,Family,Bangladesh,1
Foy's Lake Resort,,Chittagong,hotel,5.0,3.6,Exceptional | Liked: Beautyful,2026-07-11T08:23:10.000Z,xu,,,0.0,afaf941983ee2837,https://www.booking.com/hotel/bd/foys-lake-resort-chittagong1.html,booking.com,Solo traveler,Bangladesh,1
Foy's Lake Resort,,Chittagong,hotel,1.5,3.6,Not good | Liked: Same every day | Disliked: Comfort to be providrd,2026-07-08T06:22:50.000Z,en,,,0.0,8718f3fa6a8dfef2,https://www.booking.com/hotel/bd/foys-lake-resort-chittagong1.html,booking.com,Group,Pakistan,2
Foy's Lake Resort,,Chittagong,hotel,2.0,3.6,"he overall environment and ambiance of the hotel are pleasant. | Liked: The breakfast selection is very limited and offers little variety. The staff appear slow to respond and could be more attentive in providing service. Additionally, tea and coffee are not served separately, which could be improved to enhance the overall breakfast experience. | Disliked: The restaurant staff could be more welcoming and attentive. Communication between the service team and the kitchen appears to need improvement, as the waiters were not well informed about menu availability. Additionally, several of the recommended and popular menu items were unavailable, which was disappointing.",2026-06-30T12:09:42.000Z,xu,,,0.0,c9f9da4879bdcfa3,https://www.booking.com/hotel/bd/foys-lake-resort-chittagong1.html,booking.com,Family,Bangladesh,1
Foy's Lake Resort,,Chittagong,hotel,0.5,3.6,Bad | Liked: there r,2026-06-06T15:04:24.000Z,en,,,,9fbf6af5851f2537,https://www.booking.com/hotel/bd/foys-lake-resort-chittagong1.html,booking.com,Solo traveler,Bangladesh,1
Foy's Lake Resort,,Chittagong,hotel,3.5,3.6,"Poor management | Liked: It's clean, enjoyable. Best part boat trip to foyslake and free rides. | Disliked: Many inconvenience things , arrival, lots of furniture in hallway etc.",2026-05-29T12:50:19.000Z,en,,,0.0,60d3b07330744f7c,https://www.booking.com/hotel/bd/foys-lake-resort-chittagong1.html,booking.com,Solo traveler,Sweden,2
Foy's Lake Resort,,Chittagong,hotel,4.0,3.6,Very good | Liked: Natural environment | Disliked: TV net connection system was poor,2026-05-03T08:02:41.000Z,en,,,0.0,c631ba1d93bda88d,https://www.booking.com/hotel/bd/foys-lake-resort-chittagong1.html,booking.com,Couple,Bangladesh,1
Foy's Lake Resort,,Chittagong,hotel,5.0,3.6,"Exceptional | Liked: Good Environment. | Disliked: Staff Behavior, Entertainment Management.",2026-04-21T05:36:14.000Z,en,,,0.0,addcad6373f815e2,https://www.booking.com/hotel/bd/foys-lake-resort-chittagong1.html,booking.com,Solo traveler,Bangladesh,1
Foy's Lake Resort,,Chittagong,hotel,4.5,3.6,Superb | Liked: Everything | Disliked: Everything,2026-03-31T20:51:42.000Z,en,,,0.0,747e1ef968454a25,https://www.booking.com/hotel/bd/foys-lake-resort-chittagong1.html,booking.com,Solo traveler,Bangladesh,1
Foy's Lake Resort,,Chittagong,hotel,3.5,3.6,Good | Liked: Good | Disliked: Good,2026-03-30T19:22:25.000Z,en,,,0.0,853f07a30db765c0,https://www.booking.com/hotel/bd/foys-lake-resort-chittagong1.html,booking.com,Couple,Bangladesh,1
Foy's Lake Resort,,Chittagong,hotel,1.0,3.6,"Staff tried to steal my nephew’s airpod | Liked: Scenario | Disliked: Cleanliness, staff, food",2026-03-28T15:50:06.000Z,en,,,0.0,d452faa827667fc3,https://www.booking.com/hotel/bd/foys-lake-resort-chittagong1.html,booking.com,Group,Bangladesh,1
Foy's Lake Resort,,Chittagong,hotel,3.5,3.6,Not bed | Liked: Nice | Disliked: The room has no smart tv! Coffe eliminate's were not in the room,2026-03-10T10:32:54.000Z,en,,,0.0,0c0b2c791fff584f,https://www.booking.com/hotel/bd/foys-lake-resort-chittagong1.html,booking.com,Couple,Bangladesh,1
Foy's Lake Resort,,Chittagong,hotel,3.5,3.6,"Overall, the stay was good, but the food prices and menu items could be improved. | Liked: I liked their behavior and hospitality. | Disliked: Their lunch or dinner menu items were very limited, and moreover, the prices were quite high. Considering the quantity and quality of the food, the price was much higher than expected.",2026-01-05T08:32:38.000Z,en,,,1.0,6a3dcc70bf4182f5,https://www.booking.com/hotel/bd/foys-lake-resort-chittagong1.html,booking.com,Couple,Bangladesh,1
Foy's Lake Resort,,Chittagong,hotel,3.5,3.6,They should pay more attention about cleanliness | Liked: Breakfast simple .location nice,2025-09-23T11:20:06.000Z,xu,,,0.0,151464f4d0d34a85,https://www.booking.com/hotel/bd/foys-lake-resort-chittagong1.html,booking.com,Couple,Bangladesh,2
Foy's Lake Resort,,Chittagong,hotel,5.0,3.6,Exceptional | Liked: Environment.,2025-09-18T12:32:57.000Z,en,,,0.0,2df82f9891cdc90e,https://www.booking.com/hotel/bd/foys-lake-resort-chittagong1.html,booking.com,Group,Bangladesh,1
Foy's Lake Resort,,Chittagong,hotel,3.5,3.6,Good | Liked: নিরিবিলি পরিবেশ,2025-09-07T15:56:49.000Z,xu,,,0.0,2ecf29f044543b10,https://www.booking.com/hotel/bd/foys-lake-resort-chittagong1.html,booking.com,Couple,Bangladesh,1
Foy's Lake Resort,,Chittagong,hotel,2.0,3.6,"Disappointing | Disliked: Mountain view is worest ! 
Hair dryer didn't provideed!
as per booking i have to pay with 10% discount but they didn't give it to me.",2025-08-24T03:36:56.000Z,en,,,1.0,f3a228b6efb1b8ae,https://www.booking.com/hotel/bd/foys-lake-resort-chittagong1.html,booking.com,Couple,Bangladesh,1
Foy's Lake Resort,,Chittagong,hotel,3.5,3.6,"Good | Liked: The location is nice, although not easily reachable. The presence of a water body near the resort makes  the stay special. The staff is very friendly and helpful. | Disliked: Difficult to reach. Either you go by their boat and climb stairs, or you walk through the Sea world. The room decor is mediocre. The restaurant has a very limited choice of food. Going out for food requires great initiative.",2024-02-21T17:07:18.000Z,en,,,0.0,6ea887aa92064668,https://www.booking.com/hotel/bd/foys-lake-resort-chittagong1.html,booking.com,Family,India,1
Foy's Lake Resort,,Chittagong,hotel,3.5,3.6,"Aparte, maar unieke, locatie! | Liked: De behulpzaamheid van het personeel is goed.
Het is een bijzondere locatie: je moet door een pretpark lopen en vervolgens met een boot over het meer naar het hotel. Het hotel ligt in het deel van het wateroark Sea World. Voordeel is dat je even uit de drukte van de stad bent. | Disliked: Het restaurant, weinig keuze en matige kwaliteit.
Hygiene van de kamer kan iets meer aandacht aan besteed. 
De ligging van het hotel blijkt onvoldoende uit de beschrijving.",2026-01-28T14:19:26.000Z,nl,,,1.0,1c06aeb7ba992927,https://www.booking.com/hotel/bd/foys-lake-resort-chittagong1.html,booking.com,Couple,Netherlands,2
Foy's Lake Resort,,Chittagong,hotel,5.0,3.6,Exceptional,2026-08-06T11:41:03.000Z,xu,,,,d8bb763d22356072,https://www.booking.com/hotel/bd/foys-lake-resort-chittagong1.html,booking.com,Solo traveler,Bangladesh,1
Royal Pearl Suites,,Cox's Bazar,hotel,3.0,3.65,"Recommended with in a discounted price from booking.com | Liked: The buffet breakfast was good, offered a nice variety, and was reasonably priced. There were more than 20 items to choose from, including both local and continental options. Overall, it was a satisfying breakfast experience and provided good value for money. | Disliked: Overall, I had a good stay, and the hotel offers good value for the price, especially if you book through Booking.com with a discount.

The rooms are decent, clean, and nicely decorated. They include a small refrigerator and a 32-inch TV. The washroom was also in good condition. However, I did notice some dust under the bed while looking for a piece of paper, so housekeeping could pay a bit more attention to areas that are not immediately visible.

The food was good and reasonably priced. The buffet breakfast was one of the highlights, offering more than 20 items with a good variety, making it excellent value for money.

There are a few areas that need improvement. The behavior of some staff members, particularly at the front desk, could be more welcoming and professional. I also found the breakfast manager to be less professional than expected.

The swimming pool was a bit disappointing. It is located on the ground floor, quite small, receives very little sunlight, and the water was noticeably cold, which made it less enjoyable.

Overall, despite a few shortcomings, the hotel provides a comfortable stay at a budget-friendly price. If you can get a discounted rate through Booking.com, I would recommend it for travelers looking for good value rather than luxury.",2026-07-20T07:55:18.000Z,xu,,,0.0,eb61d56e9b31a84a,https://www.booking.com/hotel/bd/royal-pearl-suites.html,booking.com,Couple,Bangladesh,2
Royal Pearl Suites,,Cox's Bazar,hotel,3.5,3.65,"Good | Liked: I quite liked the breakfast I’ve had last two days.
Some items were amazing that reminded me of home cooked meals.
Bravo 👌🏾👌🏾 | Disliked: It is a nice hotel to stay in,very active staff when it comes to room service of any kind.
But I didn’t feel welcome when I came in for the first time. There was a lady staff in reception who may have not worked there long enough hence she doesn’t know how to welcome guests. Something was very off about her behavior. I had to ask for the AC and the welcome drinks. 
I felt disrespected by her behavior to be frank.
It’s her whole vibe.
Maybe she judged me by my cloths or whatever !!! 
Who knows.",2026-07-10T15:34:46.000Z,en,,,2.0,db6b9f70579bc6cf,https://www.booking.com/hotel/bd/royal-pearl-suites.html,booking.com,Couple,Bangladesh,2
Royal Pearl Suites,,Cox's Bazar,hotel,4.0,3.65,"Overall i like the hotel give us good hospitality. Good breakfast (if you like Bengali food). | Liked: · Big room size and a comfortable bed. Good hospitality, the staff are very kind and professional.
And a good breakfast as well (Bangali dishes). My wife and I enjoyed the breakfast during our 4-night stay. | Disliked: To get to the hotel, the street was very dirty (maybe construction was going on).",2026-05-10T05:00:59.000Z,xu,,,0.0,e0cb349ee6263c57,https://www.booking.com/hotel/bd/royal-pearl-suites.html,booking.com,Couple,Myanmar,1
Royal Pearl Suites,,Cox's Bazar,hotel,2.5,3.65,"Barely okay | Liked: Suite was big and clean | Disliked: There were only two towels. There is a sign posted: live rooftop BBQ, which was totally fake misleading",2026-04-20T15:03:09.000Z,xu,,,1.0,694c9214eb6dcb64,https://www.booking.com/hotel/bd/royal-pearl-suites.html,booking.com,Couple,Canada,2
Royal Pearl Suites,,Cox's Bazar,hotel,3.0,3.65,Pleasant | Liked: So so | Disliked: Western styl,2026-04-20T06:15:14.000Z,en,,,1.0,f31804b6e7ce6fd0,https://www.booking.com/hotel/bd/royal-pearl-suites.html,booking.com,Family,Bangladesh,1
Royal Pearl Suites,,Cox's Bazar,hotel,2.5,3.65,"Cheap and reflected it. | Liked: Staff were helpful and accommodating. Laundry service was very quick. | Disliked: Only one air conditioner was working. Food was fair, no coffee.",2026-04-12T17:47:43.000Z,en,,,2.0,5464f0c521782dfa,https://www.booking.com/hotel/bd/royal-pearl-suites.html,booking.com,Couple,United Kingdom,2
Royal Pearl Suites,,Cox's Bazar,hotel,0.5,3.65,"they cancelled our booking without reason | Liked: nothing to like. | Disliked: they cancelled our booking (did not give us room) saying booking.com reservation is not enough and that i had to pay money through whatsapp at the very last moment. even though i had email from booking.com saying my reservation is guaranteed. they did not communicate with us properly, and showed very unprofessional and rude behavior. and disconnected the call in my face while i was asking for solution. we planned the trip a week ago and was puzzled what to do regarding hotel as we had already started our flights. Hotels like this should not be on booking.com at all.",2026-04-08T09:56:38.000Z,xu,,,1.0,10b334ac8bd6d7cc,https://www.booking.com/hotel/bd/royal-pearl-suites.html,booking.com,Group,Bangladesh,1
Royal Pearl Suites,,Cox's Bazar,hotel,3.0,3.65,"Pleasant | Liked: I had a mixed experience at this hotel. There are a few policies that I personally didn’t appreciate, such as the restriction on outside food. The swimming pool is quite small, and the location feels a bit inconvenient and unusual. The complimentary buffet breakfast was below average—there was very limited variety, and the refill policy was disappointing.

However, I did enjoy their shisha and the rooftop lounge, which offered a nice ambiance and relaxing environment.

Considering the overall experience and the price range, I believe there are better hotel options available nearby. For that reason, I would not recommend this hotel. | Disliked: Outside Food Not Allowed, Swimming Pool & Refill Policy of their complementary breakfast.",2026-03-28T04:17:38.000Z,xu,,,2.0,4956b7b6fb47d734,https://www.booking.com/hotel/bd/royal-pearl-suites.html,booking.com,Couple,Bangladesh,3
Royal Pearl Suites,,Cox's Bazar,hotel,3.5,3.65,Good | Liked: লোকেশন টা খুব বাজে | Disliked: ক্লিনিং এর কোন নিদিষ্ট সময় নায়।এদের যখন খুশি তখন আসে।,2026-03-27T07:06:22.000Z,en,,,0.0,4781099e122ff976,https://www.booking.com/hotel/bd/royal-pearl-suites.html,booking.com,Family,Bangladesh,3
Royal Pearl Suites,,Cox's Bazar,hotel,2.0,3.65,"i am not | Liked: The room size is very spacious and comfortable. | Disliked: The room cleanliness was below expectation, with visible dampness on the walls. The washroom was not properly maintained, the shower water pressure was very low, and water tended to accumulate on the floor after use.",2026-02-10T03:30:09.000Z,en,,,1.0,4a31de9595c6fc2e,https://www.booking.com/hotel/bd/royal-pearl-suites.html,booking.com,Couple,Bangladesh,2
Royal Pearl Suites,,Cox's Bazar,hotel,4.0,3.65,Very good | Liked: The breakfast variety and room service. | Disliked: Doesn't allow food from outside.,2026-02-06T07:21:01.000Z,xu,,,3.0,bc65c87dab974545,https://www.booking.com/hotel/bd/royal-pearl-suites.html,booking.com,Family,Bangladesh,3
Royal Pearl Suites,,Cox's Bazar,hotel,5.0,3.65,Exceptional | Liked: Very helpful and polite staffs. Very secured. | Disliked: Needed auto or rickshaw to go to the beach,2026-01-30T06:51:19.000Z,xu,,,0.0,a4fd3d2bc9ff9003,https://www.booking.com/hotel/bd/royal-pearl-suites.html,booking.com,Family,United States,3
Royal Pearl Suites,,Cox's Bazar,hotel,3.5,3.65,Overall staying at the hotel was good. | Liked: Staff behaviour and clean | Disliked: Check out time is slower. I just missed my flight for their delay,2026-01-28T08:28:20.000Z,xu,,,0.0,3a2439ff235248df,https://www.booking.com/hotel/bd/royal-pearl-suites.html,booking.com,Group,Bangladesh,1
Royal Pearl Suites,,Cox's Bazar,hotel,4.0,3.65,Very good | Liked: Well furnished | Disliked: Location a bit on the backside,2026-01-14T15:17:49.000Z,xu,,,1.0,b8cf16ce35ceb787,https://www.booking.com/hotel/bd/royal-pearl-suites.html,booking.com,Couple,Bangladesh,1
Royal Pearl Suites,,Cox's Bazar,hotel,2.5,3.65,Fair comfort | Liked: The property was clean and tidy | Disliked: The property was located in a poor road condition and lot of smells of sewage. Lot of noise all night.,2026-01-12T16:25:20.000Z,en,,,0.0,7673a7b8440df9f3,https://www.booking.com/hotel/bd/royal-pearl-suites.html,booking.com,Couple,United Kingdom,4
Royal Pearl Suites,,Cox's Bazar,hotel,4.0,3.65,"Comfortable, Enjoyable | Liked: The Hotel is well organized and staff are helpful and always smiling. Would like to go back again there.",2026-01-05T04:32:40.000Z,xu,,,1.0,eceffbf256b417ed,https://www.booking.com/hotel/bd/royal-pearl-suites.html,booking.com,Couple,Bangladesh,2
Royal Pearl Suites,,Cox's Bazar,hotel,4.0,3.65,"Not too bad! | Liked: Breakfast was good. There should be an egg station where customers can choose the type of eggs they want. I did not like the way they served eggs. You have to order eggs first, but before that, you need to find a waiter to order from. | Disliked: I found the receptionists are friendly. I asked for a room heater, but they were unable to provide one. I saw one mosquito in the room. I requested a ""mosquito-killing bat"", but they could not provide one. Later, I saw a bat in the reception area. In that sense, their customer service was poor.",2026-01-05T00:51:16.000Z,xu,,,0.0,cb18542ae98409c0,https://www.booking.com/hotel/bd/royal-pearl-suites.html,booking.com,Couple,United States,4
Royal Pearl Suites,,Cox's Bazar,hotel,5.0,3.65,"Exceptional | Liked: For the price this was perfect. All was clean, room is super spacious and there were no issues. | Disliked: If in Booking.com you indicated no prepayment is required, then do not ask for prepayment. 
I was asked to do a deposit to guarantee the reservation, even do in Booking.com it was indicated as no prepayment required. 
For me it was not a huge issue, since I refused to do the prepayment, and they agree to this.",2025-12-29T15:23:15.000Z,xu,,,1.0,179cc703a9cb387c,https://www.booking.com/hotel/bd/royal-pearl-suites.html,booking.com,Family,Netherlands,2
Royal Pearl Suites,,Cox's Bazar,hotel,4.0,3.65,"Very good | Liked: Services were good | Disliked: Swimming pool is small, time too short closes at 7pm, and no hot water in pool.",2025-12-23T09:53:11.000Z,en,,,1.0,3a059bb42fa22b12,https://www.booking.com/hotel/bd/royal-pearl-suites.html,booking.com,Family,Bangladesh,3
Royal Pearl Suites,,Cox's Bazar,hotel,4.0,3.65,Value for money | Liked: Room space and cleanliness | Disliked: Location,2025-12-20T15:19:17.000Z,en,,,0.0,5f89e735624aa889,https://www.booking.com/hotel/bd/royal-pearl-suites.html,booking.com,Couple,Bangladesh,2
The Crystal Rose Hotel,,Sylhet,hotel,1.5,3.75,Poor | Liked: Waste of Money,2026-08-03T13:13:55.000Z,en,,,0.0,a56aa17f8ea02f28,https://www.booking.com/hotel/bd/the-crystal-rose-limited-sylhet.html,booking.com,Solo traveler,Bangladesh,1
The Crystal Rose Hotel,,Sylhet,hotel,5.0,3.75,"Good times- would stay again. | Liked: I really enjoyed my time here! The staff were professional and friendly, the facilities were clean, and the free breakfast was delicious. | Disliked: No naan at the restaurant:(",2026-07-28T17:39:45.000Z,xu,,,0.0,c85f69f68d018275,https://www.booking.com/hotel/bd/the-crystal-rose-limited-sylhet.html,booking.com,Family,United States,1
The Crystal Rose Hotel,,Sylhet,hotel,0.5,3.75,Deceived | Liked: Room | Disliked: They miscalculated and reported the restaurant bill and the checkout bill. This js pathetic,2026-07-26T10:36:06.000Z,en,,,0.0,6f17004a6ee2301b,https://www.booking.com/hotel/bd/the-crystal-rose-limited-sylhet.html,booking.com,Couple,Bangladesh,1
The Crystal Rose Hotel,,Sylhet,hotel,4.5,3.75,Superb | Liked: Need to add some more items,2026-05-17T15:28:54.000Z,en,,,0.0,4cb03aeffe0b2060,https://www.booking.com/hotel/bd/the-crystal-rose-limited-sylhet.html,booking.com,Couple,Bangladesh,1
The Crystal Rose Hotel,,Sylhet,hotel,3.5,3.75,"I was feeling uncomfortable due to lack of another double bed. | Liked: View and room was good. | Disliked: Breakfast not good. I book family room but they didn't have any roon containing 2 double beds.Room was containing - one semi double bed, one single bed and one sofa set which could be converted into a bed but this was very unconfortable.",2025-11-06T17:30:20.000Z,en,,,0.0,2c56650c0cf3a3ae,https://www.booking.com/hotel/bd/the-crystal-rose-limited-sylhet.html,booking.com,Family,Bangladesh,3
The Crystal Rose Hotel,,Sylhet,hotel,4.5,3.75,Great | Liked: Good | Disliked: faculties,2025-08-16T10:32:31.000Z,en,,,0.0,7468ce4d7189a469,https://www.booking.com/hotel/bd/the-crystal-rose-limited-sylhet.html,booking.com,Family,Bangladesh,2
The Crystal Rose Hotel,,Sylhet,hotel,0.5,3.75,Bad | Liked: Nothing to tell,2025-06-14T08:52:22.000Z,en,,,0.0,bed2db46dc903426,https://www.booking.com/hotel/bd/the-crystal-rose-limited-sylhet.html,booking.com,Family,Bangladesh,1
The Crystal Rose Hotel,,Sylhet,hotel,5.0,3.75,Excellent | Liked: They were really hospitable and welcoming and their services are top notch... I'll be choosing them again in my next trip... | Disliked: To be honest there wasn't anything to add in dislike list...,2025-05-22T14:42:29.000Z,xu,,,0.0,ff2c7ba30bf55f3b,https://www.booking.com/hotel/bd/the-crystal-rose-limited-sylhet.html,booking.com,Couple,Bangladesh,1
The Crystal Rose Hotel,,Sylhet,hotel,5.0,3.75,"Lovely! | Liked: Cleanliness, location, breakfast and spaciaous room...all together a fantastic experience!",2025-05-18T10:04:13.000Z,xu,,,0.0,8fc201d3d4c08463,https://www.booking.com/hotel/bd/the-crystal-rose-limited-sylhet.html,booking.com,Family,Bangladesh,2
The Crystal Rose Hotel,,Sylhet,hotel,5.0,3.75,"Probably the best hotel experience you can have in Sylhet...excellent in a word 👍 | Liked: Cleanliness, cordialness and overall presentation",2025-05-12T06:34:35.000Z,en,,,0.0,dfbb31d33793a82d,https://www.booking.com/hotel/bd/the-crystal-rose-limited-sylhet.html,booking.com,Family,Bangladesh,3
The Crystal Rose Hotel,,Sylhet,hotel,5.0,3.75,It was a pleasant stay and the rooms are pretty good specially the balcony. | Liked: The behavior of the staff members and the room was a pure value for money | Disliked: They should increase the quality of their breakfast menu.,2025-05-05T03:11:45.000Z,en,,,0.0,48d94e0b770a29b7,https://www.booking.com/hotel/bd/the-crystal-rose-limited-sylhet.html,booking.com,Solo traveler,Bangladesh,1
The Crystal Rose Hotel,,Sylhet,hotel,0.5,3.75,The hotel was so bad the lines was horrible blood stained on the walls too many mosquitos smelly rooms the was was block | Liked: I didn’t like anything about the property,2025-04-24T20:00:11.000Z,en,,,0.0,9b60031eabd13cd4,https://www.booking.com/hotel/bd/the-crystal-rose-limited-sylhet.html,booking.com,Couple,United Kingdom,1
The Crystal Rose Hotel,,Sylhet,hotel,5.0,3.75,Awesome | Liked: Excellent,2024-12-25T13:45:52.000Z,en,,,0.0,cea11af1772ff817,https://www.booking.com/hotel/bd/the-crystal-rose-limited-sylhet.html,booking.com,Solo traveler,Bangladesh,2
The Crystal Rose Hotel,,Sylhet,hotel,5.0,3.75,5 star services | Liked: Cleanness,2024-07-04T09:52:00.000Z,en,,,0.0,acf8625f0f82fe1a,https://www.booking.com/hotel/bd/the-crystal-rose-limited-sylhet.html,booking.com,Couple,United Kingdom,1
The Crystal Rose Hotel,,Sylhet,hotel,0.5,3.75,"Greedy staff and unprofessional management | Liked: Nothing , most things listed are not factual | Disliked: Most things ..specially bathroom door don’t close no tv bad balcony view 
No crram or whitener",2024-05-23T10:53:01.000Z,en,,,0.0,7c6e9530ae0cc748,https://www.booking.com/hotel/bd/the-crystal-rose-limited-sylhet.html,booking.com,Couple,United Kingdom,1
The Crystal Rose Hotel,,Sylhet,hotel,4.5,3.75,Superb | Disliked: Lovely stay.Clean & all staff are very amaiable & well trained on hospitality.Good management.,2023-12-17T06:00:18.000Z,en,,,1.0,18a5a91bad06aaa5,https://www.booking.com/hotel/bd/the-crystal-rose-limited-sylhet.html,booking.com,Couple,Bangladesh,2
The Crystal Rose Hotel,,Sylhet,hotel,4.5,3.75,"Amazingly friendly, a home away from home | Liked: Amazingly hospitable staff, felt like a second home | Disliked: Hotel stated it had recently opened and was still finalising fitness center and pool - once these are done it will be amazing",2023-12-04T15:52:33.000Z,en,,,0.0,e09e49ede79a576f,https://www.booking.com/hotel/bd/the-crystal-rose-limited-sylhet.html,booking.com,Solo traveler,Australia,2
The Crystal Rose Hotel,,Sylhet,hotel,3.0,3.75,"Liked: Booking.com give me 88$ but when i check out it was more then that.they said booking.com give them a different price.
I don’t like booking.com at all | Disliked: 26% tax i don’t even know what's that",2023-11-07T02:59:42.000Z,en,,,0.0,abdd7a41b12c69c4,https://www.booking.com/hotel/bd/the-crystal-rose-limited-sylhet.html,booking.com,Solo traveler,Bangladesh,3
The Crystal Rose Hotel,,Sylhet,hotel,5.0,3.75,Perfect for stay | Liked: Everything great,2023-11-03T18:04:06.000Z,xu,,,0.0,bf1d52ea90a4dc54,https://www.booking.com/hotel/bd/the-crystal-rose-limited-sylhet.html,booking.com,Couple,United States,1
The Crystal Rose Hotel,,Sylhet,hotel,3.5,3.75,We enjoyed having a comfortable room in a pleasant city. | Liked: Our corner room provided excellent views of the mountains. The room was very comfortable with a good mattress. The room was cleaned each day of our stay. The television was in a  good location opposite the bed. You could watch the TV without drinking your neck. | Disliked: If the hotel had only ten guests able service replaced the buffet. However we were not told this. the facility description on Booking.com and the hotel's web site were not accurate. The gym and pool are to be opened in six months.,2023-09-22T23:11:55.000Z,en,,,1.0,b35dfe13078653a5,https://www.booking.com/hotel/bd/the-crystal-rose-limited-sylhet.html,booking.com,Solo traveler,Australia,3
Heritage Hotel Chittagong,,Chittagong,hotel,4.5,2.8,Very comportable jone With very cheap price. | Liked: good | Disliked: yes,2026-07-17T15:05:58.000Z,en,,,0.0,e52ed52a21a3ac93,https://www.booking.com/hotel/bd/heritage.html,booking.com,Group,Bangladesh,1
Heritage Hotel Chittagong,,Chittagong,hotel,0.5,2.8,Bad | Liked: Only The location is good | Disliked: Staff behavior very bad . Also price is too high.i book the room in 1200 tk he take from me 1850 tk very unfair,2026-06-04T11:45:15.000Z,xu,,,1.0,e0ec77430071ffcb,https://www.booking.com/hotel/bd/heritage.html,booking.com,Solo traveler,Bangladesh,1
Heritage Hotel Chittagong,,Chittagong,hotel,2.5,2.8,"Passable | Liked: location & staff behaviour was good. | Disliked: there are stains in the wall, the TV wasn't working properly and not being given drinking water is pathetic. Lift is closed most of the time.",2026-05-30T03:00:57.000Z,en,,,1.0,9fab5415e9e5cf89,https://www.booking.com/hotel/bd/heritage.html,booking.com,Solo traveler,Bangladesh,1
Heritage Hotel Chittagong,,Chittagong,hotel,5.0,2.8,Exceptional | Liked: That was good,2026-05-12T12:12:46.000Z,xu,,,0.0,72f6732cec9bda21,https://www.booking.com/hotel/bd/heritage.html,booking.com,Solo traveler,Bangladesh,1
Heritage Hotel Chittagong,,Chittagong,hotel,5.0,2.8,Exceptional | Liked: Good | Disliked: Bad,2026-05-12T03:06:41.000Z,xu,,,0.0,65b0bcf615320596,https://www.booking.com/hotel/bd/heritage.html,booking.com,Solo traveler,Bangladesh,1
Heritage Hotel Chittagong,,Chittagong,hotel,0.5,2.8,"Staff good behave and be careful | Liked: I did liked location only | Disliked: I didn't liked room rate changed...because,  I was booking 1205 taka there take at 1400 taka. ...
That is disliked",2026-05-09T07:36:22.000Z,en,,,0.0,50e6486ce042a1a0,https://www.booking.com/hotel/bd/heritage.html,booking.com,Couple,Bangladesh,1
Heritage Hotel Chittagong,,Chittagong,hotel,0.5,2.8,"never ever stay there | Liked: location was really good but damn service no breakfast no water bottle and no any kind of accessories, soap or paste etc. behavior is very much bad. without hotel location i dont like anything",2026-04-28T05:39:22.000Z,en,,,0.0,4e9067b810119fb4,https://www.booking.com/hotel/bd/heritage.html,booking.com,Couple,Bangladesh,1
Heritage Hotel Chittagong,,Chittagong,hotel,4.0,2.8,Price was okay | Liked: It was okay | Disliked: Linens was not that good,2026-04-20T15:05:21.000Z,xu,,,0.0,0fce09c0a64d4dc6,https://www.booking.com/hotel/bd/heritage.html,booking.com,Solo traveler,Canada,2
Heritage Hotel Chittagong,,Chittagong,hotel,3.0,2.8,Its been good. | Liked: Good hospitality | Disliked: Good,2026-04-12T15:06:04.000Z,en,,,0.0,5916e4417da36245,https://www.booking.com/hotel/bd/heritage.html,booking.com,Solo traveler,Bangladesh,1
Heritage Hotel Chittagong,,Chittagong,hotel,0.5,2.8,Bad | Liked: Very bad,2026-03-27T11:51:31.000Z,xu,,,0.0,a24fd73297e7498d,https://www.booking.com/hotel/bd/heritage.html,booking.com,Couple,Bangladesh,1
Heritage Hotel Chittagong,,Chittagong,hotel,5.0,2.8,I like this Hotel | Liked: Behevior and comfort,2026-01-12T11:53:59.000Z,en,,,0.0,02b56e9a335b8466,https://www.booking.com/hotel/bd/heritage.html,booking.com,Couple,Bangladesh,1
Heritage Hotel Chittagong,,Chittagong,hotel,1.5,2.8,"Poor | Liked: Was close from Railway station. | Disliked: Room quality, Cleanliness.",2026-01-05T11:35:37.000Z,en,,,1.0,e2ca33a429ad379d,https://www.booking.com/hotel/bd/heritage.html,booking.com,Family,Bangladesh,1
Heritage Hotel Chittagong,,Chittagong,hotel,3.5,2.8,For the price it’s extremely cheap . | Liked: It was £5 ( British pound ) for one night . I can’t complain at this price | Disliked: No hot water,2026-01-01T17:18:31.000Z,en,,,1.0,dd8fc9057215807b,https://www.booking.com/hotel/bd/heritage.html,booking.com,Solo traveler,United Kingdom,1
Heritage Hotel Chittagong,,Chittagong,hotel,3.0,2.8,Good for the people want a budget friendly hotel in Chittagong | Liked: Good comparison to budget,2025-12-11T13:49:02.000Z,en,,,1.0,36a01fb5705b69d2,https://www.booking.com/hotel/bd/heritage.html,booking.com,Couple,Bangladesh,1
Heritage Hotel Chittagong,,Chittagong,hotel,0.5,2.8,খুবি খুবি অনেক বাজে | Liked: ব্রাস তাওয়াল সাবান কিছু দেইনি। রুম এ পুকা বিচ্চু থাকে। আসেপাসে ভালো কনো খাবার হোটেল নাই। | Disliked: চেকউট করতে ৪মিনিট দেরি হওয়াতে লোক চলে আসছে ডাকতে।  ২৩০০ টাকাতে আরো ভালো হোটেল হয়। ছবিতে ভালো লাগে দেখতে সত্তিকার এ বাজে রুম এ গন্দ।,2025-09-14T16:01:57.000Z,en,,,1.0,ca9b22efae6ad669,https://www.booking.com/hotel/bd/heritage.html,booking.com,Group,Bangladesh,1
Heritage Hotel Chittagong,,Chittagong,hotel,5.0,2.8,Exceptional | Liked: Clean & good service | Disliked: I like because hotel people very smart & friendly,2025-09-07T15:10:08.000Z,en,,,0.0,8a5b9dfb73a761b1,https://www.booking.com/hotel/bd/heritage.html,booking.com,Couple,Bangladesh,1
Heritage Hotel Chittagong,,Chittagong,hotel,2.5,2.8,"Good value for money, but cleanliness needs significant improvement | Liked: Great value for money! The staff were friendly and welcoming, the AC worked perfectly, and the overall hospitality made my stay very comfortable. | Disliked: The washroom was disappointing — the doorknob was old and broken, the basin wasn’t very clean, and there was no holder in front of the mirror. The blankets didn’t seem properly cleaned, and there was too much dust, which unfortunately triggered my wife’s dust allergy.",2025-08-12T14:26:51.000Z,en,,,1.0,d95e58f99538f42b,https://www.booking.com/hotel/bd/heritage.html,booking.com,Family,Bangladesh,1
Heritage Hotel Chittagong,,Chittagong,hotel,3.5,2.8,"Good as a budget package. | Liked: Budget hotel. Comaparatively better than other alternatives. Best for short/night stay with limited budget. Give basic amenities as well. AC working well. Cleaning average. Staff co-operative. Location near main street. Apprx. 1 km away from railway station (Say “near Madhubon misti ghor” when u asking  for riksha). Local tranport like CNG, Riksha available. | Disliked: Bedding not as comfortable. Does not have any well restaurant nearby.",2025-06-27T08:36:53.000Z,xu,,,3.0,7389a8f4f38c2d8f,https://www.booking.com/hotel/bd/heritage.html,booking.com,Solo traveler,Bangladesh,1
Heritage Hotel Chittagong,,Chittagong,hotel,0.5,2.8,"Disappointing | Liked: Almost nothing. | Disliked: Total letdown, honestly.  Wasn't even close to what I was hoping for.  Complete waste of time and money, if you ask me.  Seriously bummed about it.  Wouldn't recommend it to anyone",2025-05-22T15:20:14.000Z,xu,,,1.0,c8e9e24f76c0d105,https://www.booking.com/hotel/bd/heritage.html,booking.com,Group,Bangladesh,1
Heritage Hotel Chittagong,,Chittagong,hotel,3.5,2.8,Good | Liked: It was a good stay for a night.,2025-05-05T16:57:20.000Z,en,,,1.0,3f7280ba6131e62d,https://www.booking.com/hotel/bd/heritage.html,booking.com,Solo traveler,India,1
Sylhet Paradise Inn,,Sylhet,hotel,4.5,4.05,"Very good stay at Sylhet Paradise Inn, If I go again Sylhet, I will stay this Hotel. | Liked: Their service is more than my expectation compare to charge. All staffs behave very good as well as they are very much helpful for anything you ask. | Disliked: Staff helping mentality and hospitality, I will remember ever.",2026-08-08T19:17:50.000Z,en,,,0.0,f5395e037ef281ab,https://www.booking.com/hotel/bd/sylhet-paradise-inn.html,booking.com,Family,Bangladesh,3
Sylhet Paradise Inn,,Sylhet,hotel,3.5,4.05,Kettle and fridge | Liked: The staff were friendly and very helpful. | Disliked: A kettle and a fridge in the room would have been extremely helpful and convenient for guests.,2026-08-03T14:43:25.000Z,en,,,0.0,2a3ff5cf3a3f5555,https://www.booking.com/hotel/bd/sylhet-paradise-inn.html,booking.com,Solo traveler,United Kingdom,5
Sylhet Paradise Inn,,Sylhet,hotel,3.5,4.05,"Good and comfortable | Liked: Overall it’s good, if pool area is so simple and does not have any views. They should provide laundry service inside the hotel. Coffee shop is overrated. But the room is good and comfortable. But overall good and acceptable | Disliked: I didn’t like the swimming pool area. I basically booked for the swimming pool but I didn’t enjoy the pool much",2026-08-03T13:37:33.000Z,en,,,0.0,f8877d87435011f1,https://www.booking.com/hotel/bd/sylhet-paradise-inn.html,booking.com,Family,Bangladesh,2
Sylhet Paradise Inn,,Sylhet,hotel,3.0,4.05,The description said for executive triple room bed size 1 king bed and 1 queen bed but actually its 1 queen bed and 1 si | Liked: Appeared good and clean | Disliked: The staff need to be more professional.,2026-07-25T06:57:18.000Z,xu,,,0.0,850010ffd884a62f,https://www.booking.com/hotel/bd/sylhet-paradise-inn.html,booking.com,Family,Bangladesh,1
Sylhet Paradise Inn,,Sylhet,hotel,5.0,4.05,Superb | Liked: The maintenance of the property was excellent. The staff was incredibly well maintained and well mannered. They always kept up with the maintenance of the rooms and the lobby was in immaculate condition. The best thing I liked about the property was how nicely laid out it was and how the staff in the front desk people were. | Disliked: Nothing to say.,2026-07-23T13:41:17.000Z,en,,,0.0,537f858295f6131a,https://www.booking.com/hotel/bd/sylhet-paradise-inn.html,booking.com,Group,United Kingdom,12
Sylhet Paradise Inn,,Sylhet,hotel,4.0,4.05,Only one thing that concerned me is the violation of the terms of payment displayed in the booking.com platform. While i | Liked: Very clean,2026-07-21T13:40:39.000Z,xu,,,1.0,dc3ec71010c9aabe,https://www.booking.com/hotel/bd/sylhet-paradise-inn.html,booking.com,Group,Bangladesh,3
Sylhet Paradise Inn,,Sylhet,hotel,5.0,4.05,Exceptional | Liked: Excellent | Disliked: Very good,2026-07-16T17:53:14.000Z,xu,,,0.0,648b45e938a14383,https://www.booking.com/hotel/bd/sylhet-paradise-inn.html,booking.com,Couple,United States,1
Sylhet Paradise Inn,,Sylhet,hotel,5.0,4.05,"3 days city break | Liked: Location was perfect, staff were nice but could of been more professional.

The room was very big ckean and bathroom was nice and clean.

Food there was amazing.freshly made.

The older guy manager he is so nice, very helpful also there was another peraon very polite and professional.

Good thing they had both AC and fan.

Only 1 manager , 1st time i stayed when i was paying the bill he was on a phone call dealing with another guest reservation  and he was taking the payment from me same time, no eye contact, no thank you., felt like ignored and not value guest/customer.

2nd time stayed was much better.service. | Disliked: Swimming pool was dirty not clean water.",2026-07-13T01:41:04.000Z,en,,,0.0,148a88f41372e23b,https://www.booking.com/hotel/bd/sylhet-paradise-inn.html,booking.com,Solo traveler,United Kingdom,3
Sylhet Paradise Inn,,Sylhet,hotel,4.0,4.05,Very good | Liked: The hospitality and stuff support was excellent. 🤲 | Disliked: No balconies,2026-07-07T10:51:05.000Z,xu,,,0.0,afbba463b8853cc2,https://www.booking.com/hotel/bd/sylhet-paradise-inn.html,booking.com,Solo traveler,Bangladesh,1
Sylhet Paradise Inn,,Sylhet,hotel,2.0,4.05,"Disappointing | Liked: the quality of the breakfast is not good,and the management f the canteen is very poor.",2026-07-06T06:02:21.000Z,xu,,,0.0,9dc2c4fd3a12e50c,https://www.booking.com/hotel/bd/sylhet-paradise-inn.html,booking.com,Family,Bangladesh,2
Sylhet Paradise Inn,,Sylhet,hotel,3.0,4.05,"Pleasant | Liked: The breakfast was tasty but could have more items on the menu. I like the pool side. It was a good experience with the pool. But please forbidden the rule of smoking sitting beside the swimming pool. | Disliked: I din't like the room. The outside view was not good and there is no complimentary tea/coffe. The room's wall and floor was kind a wet I think they have water pipeline problem. So, fix it.",2026-06-28T16:53:52.000Z,en,,,0.0,35db3c1dd46e132a,https://www.booking.com/hotel/bd/sylhet-paradise-inn.html,booking.com,Couple,Bangladesh,1
Sylhet Paradise Inn,,Sylhet,hotel,0.5,4.05,"Overall, the experience fell far below my expectations and I hope these issues are addressed to improve future guests&#3 | Liked: Hotel location was good. | Disliked: The worst experience I have ever had.

The room was missing basic amenities and some of the advertised equipment was not provided. I requested a water kettle but unfortunately, it was never delivered. The room lacked even the most essential items.

What was most disappointing was the lack of customer service—no one checked in to ask whether everything was satisfactory or if I needed any assistance.

The complimentary breakfast was also very disappointing. The quality was poor and it was not served properly.

Overall, the experience fell far below my expectations and I hope these issues are addressed to improve future guests' experiences.",2026-06-28T15:16:10.000Z,xu,,,0.0,bade5e0783d6065c,https://www.booking.com/hotel/bd/sylhet-paradise-inn.html,booking.com,Group,Bangladesh,1
Sylhet Paradise Inn,,Sylhet,hotel,5.0,4.05,Exceptional | Liked: Very good.  Staffs are very friendly,2026-06-20T06:09:46.000Z,en,,,0.0,b0b67ad660bc15a4,https://www.booking.com/hotel/bd/sylhet-paradise-inn.html,booking.com,Solo traveler,United Arab Emirates,1
Sylhet Paradise Inn,,Sylhet,hotel,5.0,4.05,Exceptional | Liked: Behavior and service,2026-06-14T04:32:14.000Z,xu,,,0.0,2ff83d1e5d72d898,https://www.booking.com/hotel/bd/sylhet-paradise-inn.html,booking.com,Solo traveler,Bangladesh,2
Sylhet Paradise Inn,,Sylhet,hotel,5.0,4.05,"Amazing all round | Liked: Everything was amazing from the friendly staff, cleanliness, service.",2026-06-12T17:38:33.000Z,en,,,0.0,eb6928a7cdaaf10f,https://www.booking.com/hotel/bd/sylhet-paradise-inn.html,booking.com,Family,United Kingdom,1
Sylhet Paradise Inn,,Sylhet,hotel,3.5,4.05,"Nice stay with complimentary breakfast, offering good value for money. | Liked: Breakfast was nice, with a good selection of items on the menu. The location was also fine. | Disliked: The swimming pool maintenance and water treatment could have been improved.",2026-06-11T04:42:46.000Z,en,,,0.0,a7dacbf7570df88d,https://www.booking.com/hotel/bd/sylhet-paradise-inn.html,booking.com,Solo traveler,Bangladesh,2
Sylhet Paradise Inn,,Sylhet,hotel,4.5,4.05,It was really a great pleasure to stay here | Liked: I like the cleanliness most. The behaviour of the staff was excellent.  The room was excellent. The swimming pool was also charming.  The washroom was so clean. The room service was great.The morning breakfast was also great. | Disliked: There is nothing to unlike. But I think the restaurant prices should be less and there should be more types of cuisine.,2026-06-05T14:23:29.000Z,en,,,0.0,009ac2a7c2f04dea,https://www.booking.com/hotel/bd/sylhet-paradise-inn.html,booking.com,Solo traveler,Bangladesh,1
Sylhet Paradise Inn,,Sylhet,hotel,4.0,4.05,"suggest others to stay there | Liked: breakfast, staff smiley face, their cooperative mentality and so on",2026-06-02T07:24:42.000Z,en,,,0.0,848bc0e4e57645f2,https://www.booking.com/hotel/bd/sylhet-paradise-inn.html,booking.com,Solo traveler,Bangladesh,1
Sylhet Paradise Inn,,Sylhet,hotel,5.0,4.05,Exceptional | Liked: Clean environment.,2026-05-31T08:41:19.000Z,xu,,,0.0,a55b37aa7f3301dd,https://www.booking.com/hotel/bd/sylhet-paradise-inn.html,booking.com,Solo traveler,United States,1
Sylhet Paradise Inn,,Sylhet,hotel,4.0,4.05,"Nice place to Stay with family | Liked: Nice Staff, Clean, Very good breakfast",2026-05-29T13:11:58.000Z,en,,,0.0,3448279d3b327a86,https://www.booking.com/hotel/bd/sylhet-paradise-inn.html,booking.com,Solo traveler,Bangladesh,2
Kollol Hotel,,Cox's Bazar,hotel,4.0,3.65,Very good | Liked: Live music & kabab | Disliked: Na,2026-07-28T17:09:36.000Z,en,,,1.0,9541da85e124d30b,https://www.booking.com/hotel/bd/kollol-by-j-amp-z-group.html,booking.com,Solo traveler,Bangladesh,3
Kollol Hotel,,Cox's Bazar,hotel,5.0,3.65,"Exceptional | Liked: Hotel Kollol is a great place to stay. The staff are very welcoming and friendly. A special thanks to Kalam from room service for his sincere service, and to Mr. Tuhin and the rest of the reception team for their wonderful hospitality! | Disliked: Nothing major to complain about, though I expected a bit more from the complimentary breakfast. Given J&Z Group's good reputation in catering, they should be more mindful to maintain it. Overall, a good experience nonetheless",2026-07-22T06:52:08.000Z,xu,,,3.0,46beaa5c839735f7,https://www.booking.com/hotel/bd/kollol-by-j-amp-z-group.html,booking.com,Solo traveler,Bangladesh,3
Kollol Hotel,,Cox's Bazar,hotel,2.5,3.65,Passable | Liked: Location | Disliked: Services,2026-07-15T16:33:27.000Z,en,,,0.0,da7d38f184768c9e,https://www.booking.com/hotel/bd/kollol-by-j-amp-z-group.html,booking.com,Solo traveler,Bangladesh,3
Kollol Hotel,,Cox's Bazar,hotel,3.5,3.65,Good | Liked: Everything is good,2026-07-11T10:43:16.000Z,en,,,2.0,c8c6fd77fc4562dc,https://www.booking.com/hotel/bd/kollol-by-j-amp-z-group.html,booking.com,Family,Bangladesh,1
Kollol Hotel,,Cox's Bazar,hotel,4.5,3.65,Excellent | Liked: Very near to the beach.,2026-07-08T18:09:40.000Z,xu,,,2.0,2f4e6481a62db477,https://www.booking.com/hotel/bd/kollol-by-j-amp-z-group.html,booking.com,Family,Bangladesh,3
Kollol Hotel,,Cox's Bazar,hotel,3.0,3.65,"Pleasant | Liked: Great location close to beach. Good food luve music swimming pool. Nice views. | Disliked: Room service, restaurant service. Overall staff service is poor. They are well behaved but reluctant in action",2026-07-04T18:58:58.000Z,en,,,0.0,977577e9518cc2ee,https://www.booking.com/hotel/bd/kollol-by-j-amp-z-group.html,booking.com,Solo traveler,Bangladesh,1
Kollol Hotel,,Cox's Bazar,hotel,2.5,3.65,"Passable | Liked: Location, activities, food taste | Disliked: There service is not good. At first, checked in there was no shampoo, body wash, floor mat. The AC was pouring water. Had to call the room service more than 4 times to fix all. Later the room was shifted. This time the AC was not cooling. We didn't call anymore.

Their food taste is fair to good. But again the staffs are so reluctant! Moves aimlessly. Doesn't pay attention, food will not arrive in hours. They said too many people are difficult to manage, but my observation was that they were carefree.",2026-07-04T18:56:31.000Z,en,,,0.0,df95339597fac975,https://www.booking.com/hotel/bd/kollol-by-j-amp-z-group.html,booking.com,Solo traveler,Bangladesh,1
Kollol Hotel,,Cox's Bazar,hotel,3.5,3.65,It was fair enough. | Liked: I liked the location and facilities attached to the room booking. I also loved some of the foods from the restaurant. I loved the swimming pool facility the most. | Disliked: The staffs were short staffed and there was delays in several room service requests.,2026-06-13T15:06:01.000Z,en,,,1.0,3e815d4aaa4a548c,https://www.booking.com/hotel/bd/kollol-by-j-amp-z-group.html,booking.com,Couple,Bangladesh,2
Kollol Hotel,,Cox's Bazar,hotel,4.0,3.65,"Very good | Liked: Swimming pool.Go early.
BBQ & live music
Tuhin the office manager very good English & very efficient | Disliked: Breakfast the same everyday 7 days.No coffee.
Power outages.",2026-06-13T07:30:37.000Z,en,,,2.0,b0351fb98fb2c8e9,https://www.booking.com/hotel/bd/kollol-by-j-amp-z-group.html,booking.com,Solo traveler,Australia,7
Kollol Hotel,,Cox's Bazar,hotel,4.5,3.65,"Excellent team work to gain guest’s trust with upmost hospitality. Front Desk Manager Tuhin, Executive Arnob, and others | Liked: Excellent team work to gain guest’s trust with upmost hospitality. Front Desk Manager Tuhin, Executive Arnob, and others were awesome. | Disliked: WiFi",2026-06-07T16:12:26.000Z,xu,,,3.0,4b3a25adc3e698cc,https://www.booking.com/hotel/bd/kollol-by-j-amp-z-group.html,booking.com,Family,United States,3
Kollol Hotel,,Cox's Bazar,hotel,3.5,3.65,Good | Liked: Plan nan with soup,2026-06-01T16:48:23.000Z,en,,,0.0,a0eb675f53fd9db1,https://www.booking.com/hotel/bd/kollol-by-j-amp-z-group.html,booking.com,Family,Bangladesh,3
Kollol Hotel,,Cox's Bazar,hotel,3.0,3.65,Pleasant | Disliked: Mini Bar fee tk.50 is unexpected to me but Other's are reasonable.,2026-05-30T14:32:08.000Z,en,,,0.0,556fa64c5ec03dab,https://www.booking.com/hotel/bd/kollol-by-j-amp-z-group.html,booking.com,Solo traveler,Bangladesh,2
Kollol Hotel,,Cox's Bazar,hotel,5.0,3.65,"Exceptional | Liked: Had a great experience at Hotel Kollol by J&Z Group. The location is excellent, and the service was very good. Special thanks to Tuhin for his outstanding hospitality and helpful attitude. He was professional, friendly, and made our stay more comfortable. Highly recommended",2026-05-30T13:37:56.000Z,xu,,,3.0,ac4fcf293ae22fa0,https://www.booking.com/hotel/bd/kollol-by-j-amp-z-group.html,booking.com,Couple,United States,7
Kollol Hotel,,Cox's Bazar,hotel,3.5,3.65,"Good | Liked: We enjoyed a lot in swimming pool and gym too, felt cordial environment by stuff working there. | Disliked: We hurt due to restrictions in evening singing programme as all of attended person must to take part in bar b qué dinner.",2026-05-29T17:54:17.000Z,en,,,1.0,e85f677725ad98e9,https://www.booking.com/hotel/bd/kollol-by-j-amp-z-group.html,booking.com,Solo traveler,Bangladesh,2
Kollol Hotel,,Cox's Bazar,hotel,4.0,3.65,"This is the second time I've stayed at the Kollol. I am hoping to return. | Liked: Location, view, room | Disliked: I liked most things.
There wasn't a guest review form in the room which I would have happily completed.
I pointed this out to the Housekeeping Supervisor who called to the room to ask if we needed anything regarding housekeeping.",2026-05-21T13:11:26.000Z,en,,,1.0,8c0b7aa31fc0114f,https://www.booking.com/hotel/bd/kollol-by-j-amp-z-group.html,booking.com,Group,United Kingdom,3
Kollol Hotel,,Cox's Bazar,hotel,4.0,3.65,"Very good | Liked: Location, breakfast,",2026-05-01T18:37:41.000Z,en,,,0.0,dc405ba28d30fc66,https://www.booking.com/hotel/bd/kollol-by-j-amp-z-group.html,booking.com,Family,Bangladesh,2
Kollol Hotel,,Cox's Bazar,hotel,1.5,3.65,"Poor | Disliked: I had a very disappointing experience at Hotel Kollol.  I booked a stay for 3 days, but when we arrived, they refused to give us a room. They informed us at the last moment that they only allow married couples, which was never mentioned during the booking process.

When I requested a refund, they refused, which made the situation even worse. This lack of transparency caused us unnecessary stress and financial loss. We had already spent money on travel, including flight costs, and after arriving, we were left without accommodation.

If this is their policy, they should clearly mention it beforehand so guests can plan accordingly. This kind of treatment is unfair and unprofessional.

I would not recommend this hotel due to poor communication and customer service.",2026-04-20T21:39:13.000Z,xu,,,0.0,c61c16f59ee204dd,https://www.booking.com/hotel/bd/kollol-by-j-amp-z-group.html,booking.com,Couple,Bangladesh,2
Kollol Hotel,,Cox's Bazar,hotel,5.0,3.65,"I would highly recommend everyone to give the hotel a go. You will have fantastic time there | Liked: My overall experience is good. All the staff are really friendly. They are very welcoming. The facilities are well maintained. 

Beautiful place and located very close to Laboni beach. Just about 5 minutes walk to the beach. Live music in the evening. Very lively atmosphere. Highly recommended. | Disliked: The behaviour of some security gurad, security is a bit poor however better than any other places.",2026-04-20T09:31:51.000Z,en,,,1.0,c3dbe5109e882b07,https://www.booking.com/hotel/bd/kollol-by-j-amp-z-group.html,booking.com,Group,United Kingdom,2
Kollol Hotel,,Cox's Bazar,hotel,5.0,3.65,Exceptional | Liked: Best restaurant.,2026-04-19T18:16:18.000Z,xu,,,3.0,577b8a194a4e1115,https://www.booking.com/hotel/bd/kollol-by-j-amp-z-group.html,booking.com,Group,Bangladesh,3
Kollol Hotel,,Cox's Bazar,hotel,4.5,3.65,Superb | Liked: We got sufficient breakfast items.They need to focus on the taste of those items.And the location is superb.. | Disliked: they need to minimise the food prices..,2026-04-14T15:24:30.000Z,en,,,0.0,4eac5abc62f001b8,https://www.booking.com/hotel/bd/kollol-by-j-amp-z-group.html,booking.com,Group,Bangladesh,2
West Park Inn,,Dhaka,hotel,5.0,3.1,"Exceptional | Liked: Clean, well mannered and good service",2026-08-04T11:11:56.000Z,en,,,0.0,48dd42dcc9fad9f9,https://www.booking.com/hotel/bd/west-park-inn-dhaka.html,booking.com,Solo traveler,Bangladesh,1
West Park Inn,,Dhaka,hotel,5.0,3.1,Exceptional | Liked: Ydf | Disliked: Gfff,2026-07-28T12:52:36.000Z,en,,,0.0,387d865344672e97,https://www.booking.com/hotel/bd/west-park-inn-dhaka.html,booking.com,Solo traveler,Bangladesh,1
West Park Inn,,Dhaka,hotel,2.0,3.1,"Disappointing | Liked: The ability to check-in at a very short time | Disliked: Cockroach in the room, long check-in process.",2026-07-27T06:52:38.000Z,en,,,0.0,6d75da4c269f37fe,https://www.booking.com/hotel/bd/west-park-inn-dhaka.html,booking.com,Solo traveler,Bangladesh,1
West Park Inn,,Dhaka,hotel,0.5,3.1,do not go over there | Disliked: they have generator but it was not working .they were inform that electrical will be gone but they did fixed the generator. the whole wos out of electricity,2026-07-13T09:39:30.000Z,en,,,0.0,bb78a040af62f1a0,https://www.booking.com/hotel/bd/west-park-inn-dhaka.html,booking.com,Solo traveler,Bangladesh,1
West Park Inn,,Dhaka,hotel,0.5,3.1,Bad | Liked: There service is too much bed. Their staff is also criminal. | Disliked: Thire bed behave,2026-07-12T09:33:27.000Z,xu,,,0.0,1c1c7bf26164c5b2,https://www.booking.com/hotel/bd/west-park-inn-dhaka.html,booking.com,Solo traveler,Bangladesh,1
West Park Inn,,Dhaka,hotel,2.0,3.1,Disappointing | Liked: Staff behavior is too good. Nice location | Disliked: Wash room condition is disgusting.. . And there was so many little cockroach's in the room.. They should work on wash room also on room cleaning..,2026-07-10T04:20:59.000Z,en,,,0.0,9d188ee705374b61,https://www.booking.com/hotel/bd/west-park-inn-dhaka.html,booking.com,Solo traveler,Bangladesh,2
West Park Inn,,Dhaka,hotel,5.0,3.1,Exceptional | Liked: The hospitality,2026-06-24T09:08:23.000Z,en,,,0.0,3a5153e357225d3e,https://www.booking.com/hotel/bd/west-park-inn-dhaka.html,booking.com,Couple,Bangladesh,1
West Park Inn,,Dhaka,hotel,3.5,3.1,Good | Liked: Staff behaviour and service also location. | Disliked: We got a disabled TV.,2026-06-19T13:22:10.000Z,en,,,0.0,15e02a30d6ad82dd,https://www.booking.com/hotel/bd/west-park-inn-dhaka.html,booking.com,Solo traveler,Bangladesh,1
West Park Inn,,Dhaka,hotel,2.0,3.1,"Disspointing | Liked: Good location | Disliked: Bad food
There was power cut but not generator backup for almost 2 hours",2026-06-16T16:59:12.000Z,en,,,0.0,217bf37fbc84fb87,https://www.booking.com/hotel/bd/west-park-inn-dhaka.html,booking.com,Couple,Bangladesh,1
West Park Inn,,Dhaka,hotel,1.5,3.1,Poor | Liked: Location & staffs are good. | Disliked: The room were very dirty. Ac didn’t work. But they changed the room after complaining.,2026-06-08T15:37:29.000Z,xu,,,0.0,c5e180c1ac99697e,https://www.booking.com/hotel/bd/west-park-inn-dhaka.html,booking.com,Solo traveler,Bangladesh,2
West Park Inn,,Dhaka,hotel,3.5,3.1,Good | Liked: Location and behavior of the staff | Disliked: Toilet was not so clean,2026-06-06T17:11:26.000Z,en,,,0.0,49e8f12488587f83,https://www.booking.com/hotel/bd/west-park-inn-dhaka.html,booking.com,Solo traveler,Bangladesh,1
West Park Inn,,Dhaka,hotel,5.0,3.1,Tremendous experience. Will definitely recommend. | Liked: Everything was as expected. | Disliked: Nothing.,2026-06-04T21:11:16.000Z,en,,,0.0,604a4973f812568d,https://www.booking.com/hotel/bd/west-park-inn-dhaka.html,booking.com,Solo traveler,Bangladesh,1
West Park Inn,,Dhaka,hotel,4.5,3.1,"Good experience. | Liked: Breakfast was good. They serve immediately made foods maintaining good cleanliness and proper Hygiene. | Disliked: Sometimes,, price of mid day meal and supper is a little bit high. There is some scope to keep the bill in some resistance.",2026-06-04T15:28:18.000Z,xu,,,1.0,c5dd9bc740fee607,https://www.booking.com/hotel/bd/west-park-inn-dhaka.html,booking.com,Family,Bangladesh,2
West Park Inn,,Dhaka,hotel,5.0,3.1,"wonderful and will come again | Liked: first i choose this for appropriate location , after my stay i was enjoyed a lot there beacuse of friendly staff, helpful behavior, neat and clean room & bathroom . And food , that was so tasty and fresh, healthy with resonable.",2026-06-03T19:41:39.000Z,en,,,0.0,1d2c1ca91c603fe0,https://www.booking.com/hotel/bd/west-park-inn-dhaka.html,booking.com,Couple,Bangladesh,1
West Park Inn,,Dhaka,hotel,0.5,3.1,very bad | Liked: very bad | Disliked: staff behavior are very bad,2026-05-31T17:20:08.000Z,xu,,,0.0,77f74a7ea096a8ce,https://www.booking.com/hotel/bd/west-park-inn-dhaka.html,booking.com,Couple,Bangladesh,1
West Park Inn,,Dhaka,hotel,2.0,3.1,Disappointing | Disliked: aTelevision was not working which is totally disappointing.,2026-05-31T02:50:14.000Z,xu,,,0.0,59ed95eaf5cdd411,https://www.booking.com/hotel/bd/west-park-inn-dhaka.html,booking.com,Solo traveler,Bangladesh,1
West Park Inn,,Dhaka,hotel,2.5,3.1,"Location and Staff are so Good | Liked: Only Location and Staff | Disliked: Very bed smell in Every room… Toilet is unclean, AC is not working properly, Carpet is Smelly… Cockroach is roaming in the room",2026-05-29T23:04:12.000Z,en,,,0.0,0487a16d54003227,https://www.booking.com/hotel/bd/west-park-inn-dhaka.html,booking.com,Couple,United Kingdom,4
West Park Inn,,Dhaka,hotel,5.0,3.1,"Exceptional | Liked: It’s hotel Staff are so helpful behaviour, 
Its place very Secure and nice | Disliked: Very sweet solve problem friendly",2026-05-26T15:25:57.000Z,xu,,,0.0,de4ee549075110a6,https://www.booking.com/hotel/bd/west-park-inn-dhaka.html,booking.com,Solo traveler,Bangladesh,1
West Park Inn,,Dhaka,hotel,2.5,3.1,Good value for money but needs more attention from the staffs. | Liked: good location | Disliked: Provided dirty towels,2026-05-26T11:06:46.000Z,en,,,0.0,8688e36e2cb8277d,https://www.booking.com/hotel/bd/west-park-inn-dhaka.html,booking.com,Couple,Australia,1
West Park Inn,,Dhaka,hotel,4.0,3.1,Very good | Liked: Room were clean. | Disliked: Everything was perfect for a stay,2026-05-18T16:11:26.000Z,en,,,1.0,9c268c48ad379b4f,https://www.booking.com/hotel/bd/west-park-inn-dhaka.html,booking.com,Solo traveler,Bangladesh,1
Green Edge Hotel,,Dhaka,hotel,4.0,4.1,Very good | Liked: The cozy environment and beautiful room | Disliked: There was no washroom amenities.,2026-07-08T09:04:40.000Z,en,,,0.0,5855a5409b9082c7,https://www.booking.com/hotel/bd/greenedge.html,booking.com,Solo traveler,Bangladesh,1
Green Edge Hotel,,Dhaka,hotel,4.0,4.1,Very good | Liked: WC Smell bad abit,2026-06-23T15:01:12.000Z,xu,,,0.0,da6c1b8533c0bdb9,https://www.booking.com/hotel/bd/greenedge.html,booking.com,Couple,Cambodia,5
Green Edge Hotel,,Dhaka,hotel,4.5,4.1,Amazing place for stay. Thanks to the host. | Liked: Clean Environment | Disliked: Some washroom stuffs needs to be repaired a bit.,2026-06-10T10:13:09.000Z,xu,,,0.0,c124143d8f7b34b2,https://www.booking.com/hotel/bd/greenedge.html,booking.com,Couple,Bangladesh,1
Green Edge Hotel,,Dhaka,hotel,5.0,4.1,The stay was as expected. Had a nice experience. Would definitely recommend. | Liked: The stay was as expected. Had a nice experience. Would definitely recommend. | Disliked: Nothing.,2026-06-06T06:38:06.000Z,en,,,0.0,b361f4e7649b8634,https://www.booking.com/hotel/bd/greenedge.html,booking.com,Couple,Bangladesh,1
Green Edge Hotel,,Dhaka,hotel,3.5,4.1,You can try. | Liked: Cozy Weather. | Disliked: Could not found.,2026-06-01T15:26:57.000Z,en,,,0.0,5a2fbc0e3b889cfc,https://www.booking.com/hotel/bd/greenedge.html,booking.com,Solo traveler,Bangladesh,1
Green Edge Hotel,,Dhaka,hotel,4.5,4.1,Superb | Liked: Everything!,2026-05-19T23:44:31.000Z,en,,,0.0,09172a2130a2204a,https://www.booking.com/hotel/bd/greenedge.html,booking.com,Family,Bangladesh,1
Green Edge Hotel,,Dhaka,hotel,5.0,4.1,Exceptional | Liked: Everything,2026-03-03T09:50:30.000Z,en,,,0.0,347754e74758fde7,https://www.booking.com/hotel/bd/greenedge.html,booking.com,Solo traveler,Bangladesh,1
Green Edge Hotel,,Dhaka,hotel,4.0,4.1,Very good | Liked: Rooms and Everything,2026-03-02T07:07:12.000Z,xu,,,0.0,01ab59927b8a4dfb,https://www.booking.com/hotel/bd/greenedge.html,booking.com,Family,Bangladesh,1
Green Edge Hotel,,Dhaka,hotel,0.5,4.1,"A Masterclass in Misery and Mismanagement, WORST BOOKING.COM EXPERIENCE EVER | Liked: Not a damn thing | Disliked: Hands down the worst experience I've ever had.

​The nightmare started the moment I arrived: a 30 minutes wait with no manager in sight and no one reachable, I even called another manager, he said he left his job 1 year ago. What followed was a classic bait-and-switch— The WORST PART, I was given a different room with a bathroom so small I could barely stand, all because of a ""mix-up"" their excuse was there was a mixup with my room which was ""double booked"" the other party arrived earlier so they gave the room to them, No heads-up, I was not even informed about this earlier, no compensation for the misconduct.

​To top it all off, the room was a joke. I found bloodstains on the bedsheets and was given a half-towel, not even a whole towel whilst I booked the room for two. The AC didn’t work properly also there was no fan. And for the final insult? I accidentally left a t-shirt behind and was told they simply threw it in the ""dustbin"". This isn't the first time, either—my gold earrings vanished on a previous stay.

​Save yourself the trouble. Book literally anywhere else.",2025-09-09T17:57:14.000Z,en,,,7.0,977412c37f94463c,https://www.booking.com/hotel/bd/greenedge.html,booking.com,Solo traveler,Bangladesh,1
Green Edge Hotel,,Dhaka,hotel,5.0,4.1,Exceptional | Liked: Neat & Clean. Good Environment.,2025-06-30T05:16:20.000Z,en,,,0.0,ea62799cc21f207b,https://www.booking.com/hotel/bd/greenedge.html,booking.com,Couple,Bangladesh,1
Green Edge Hotel,,Dhaka,hotel,4.0,4.1,Very good | Liked: Privacy,2025-06-27T15:01:12.000Z,xu,,,0.0,8ad157b61780f154,https://www.booking.com/hotel/bd/greenedge.html,booking.com,Couple,Bangladesh,1
Green Edge Hotel,,Dhaka,hotel,4.0,4.1,"Very good | Liked: They need to take immediate action for Mosquito problem, Otherwise everything was very good.",2025-05-11T15:20:43.000Z,xu,,,0.0,f859dfb3fd22b3fc,https://www.booking.com/hotel/bd/greenedge.html,booking.com,Family,Bangladesh,2
Green Edge Hotel,,Dhaka,hotel,0.5,4.1,They canceled our room in the last hour | Disliked: They canceled our room in the last hour,2025-05-10T18:16:18.000Z,en,,,1.0,f2d70e046686e909,https://www.booking.com/hotel/bd/greenedge.html,booking.com,Couple,Switzerland,2
Green Edge Hotel,,Dhaka,hotel,3.0,4.1,"Wrote it above | Liked: Good location, good interior, manager was good | Disliked: Electric sockets in the room were not working had to charge our phone in the washroom. Soap and other things were not provided. Couldn’t watch tv as the socket was not working. Many lights were not working. Previous experience was better than this time.",2024-12-11T19:39:14.000Z,en,,,0.0,a074e89a081baf60,https://www.booking.com/hotel/bd/greenedge.html,booking.com,Couple,Bangladesh,1
Green Edge Hotel,,Dhaka,hotel,2.0,4.1,Should have notified me about the maintainance before letting me check in. | Disliked: There was no water supply in the bathroom!,2024-12-09T16:22:18.000Z,en,,,1.0,9b2430ba8daa55f2,https://www.booking.com/hotel/bd/greenedge.html,booking.com,Couple,Bangladesh,1
Green Edge Hotel,,Dhaka,hotel,3.5,4.1,Good | Liked: I liked the room | Disliked: Breakfast was not provided as promised,2024-11-07T05:58:41.000Z,en,,,0.0,1b1f105ddf420442,https://www.booking.com/hotel/bd/greenedge.html,booking.com,Couple,Bangladesh,1
Green Edge Hotel,,Dhaka,hotel,0.5,4.1,Bad | Disliked: They cancelled my bootking at the last hour.,2024-10-06T15:01:24.000Z,xu,,,1.0,e99fdc2d80003261,https://www.booking.com/hotel/bd/greenedge.html,booking.com,Family,Bangladesh,1
Green Edge Hotel,,Dhaka,hotel,2.5,4.1,"Never again | Liked: The air conditioning | Disliked: Mattress covers stained, duvet look like it came from a homeless person shower was in the toilet cubicle, didn’t know wether to stand up or sit on re toilet lol",2024-09-01T21:18:58.000Z,en,,,5.0,e624b5d47550e663,https://www.booking.com/hotel/bd/greenedge.html,booking.com,Solo traveler,Bangladesh,4
Green Edge Hotel,,Dhaka,hotel,5.0,4.1,Overall great stay. Would recommend | Liked: Owner is very nice and responsive. Staff are always there to help if needed,2024-04-03T09:13:28.000Z,xu,,,0.0,f85a63976e89a7e4,https://www.booking.com/hotel/bd/greenedge.html,booking.com,Couple,Malaysia,1
Green Edge Hotel,,Dhaka,hotel,4.0,4.1,Very good and cozy environment. Staffs were really helpful. Very good location | Liked: Environment | Disliked: Just didn’t like that you don’t have a lock on the door inside the room which cannot be opened from outside. And there should be generator service 24 hours.,2024-01-28T13:48:14.000Z,en,,,1.0,cc1d50786d8e1dea,https://www.booking.com/hotel/bd/greenedge.html,booking.com,Couple,Bangladesh,1
Civic Inn,,Dhaka,hotel,0.5,3.65,Bad | Liked: not at all. | Disliked: Staff behave,2026-08-04T16:01:47.000Z,en,,,0.0,8f7b94253806182e,https://www.booking.com/hotel/bd/civic-inn-dhaka1.html,booking.com,Solo traveler,Australia,1
Civic Inn,,Dhaka,hotel,4.0,3.65,"Kind & Supportive. | Liked: Our flight was delayed, so we had to stay a few more hours than the official check out time. They let us stay complimentary till the evening.
Thanks to the management for their kind support and hospitality.",2026-08-01T08:37:05.000Z,xu,,,0.0,0b8a3b019041b1b7,https://www.booking.com/hotel/bd/civic-inn-dhaka1.html,booking.com,Family,Bangladesh,1
Civic Inn,,Dhaka,hotel,3.5,3.65,"Not bad not good | Liked: Good,  should be change manu for breakfast. | Disliked: Vegetable food  like same category.",2026-07-29T20:05:13.000Z,xu,,,0.0,80231ee6118a7acd,https://www.booking.com/hotel/bd/civic-inn-dhaka1.html,booking.com,Couple,United States,8
Civic Inn,,Dhaka,hotel,5.0,3.65,"Good | Liked: Friendly staff, good value for money. | Disliked: A little bit more upgraded & clean.",2026-07-20T08:08:23.000Z,xu,,,0.0,9472409c63a75078,https://www.booking.com/hotel/bd/civic-inn-dhaka1.html,booking.com,Solo traveler,Bangladesh,1
Civic Inn,,Dhaka,hotel,3.5,3.65,Good | Liked: Service very good. Room is spacious,2026-07-12T09:30:08.000Z,xu,,,0.0,8e1eebda5d7fc548,https://www.booking.com/hotel/bd/civic-inn-dhaka1.html,booking.com,Solo traveler,Bangladesh,1
Civic Inn,,Dhaka,hotel,1.5,3.65,Poor | Liked: Staff good but room conditions was bad. Brackfast | Disliked: Breckfast,2026-06-28T06:00:56.000Z,en,,,0.0,cd20b906aa10e495,https://www.booking.com/hotel/bd/civic-inn-dhaka1.html,booking.com,Solo traveler,United Kingdom,3
Civic Inn,,Dhaka,hotel,2.5,3.65,Passable | Liked: Not bad,2026-06-20T04:45:27.000Z,xu,,,0.0,191c0d0ac11f5a51,https://www.booking.com/hotel/bd/civic-inn-dhaka1.html,booking.com,Solo traveler,Bangladesh,1
Civic Inn,,Dhaka,hotel,1.0,3.65,"Good | Liked: ⭐⭐⭐⭐⭐
“Had a wonderful stay! The hotel was exceptionally clean, comfortable, and well-maintained. The staff were friendly, professional, and always ready to help with a smile. The location was convenient, and the overall atmosphere made us feel relaxed and welcome throughout our stay. Everything exceeded our expectations. Highly recommended for anyone looking for a pleasant and memorable experience. We will definitely stay here again on our next visit!” | Disliked: We had a great stay at this hotel. What we liked most was the excellent location, clean and comfortable rooms, fast Wi-Fi, and the friendly staff who were always helpful. The check-in process was smooth, housekeeping was excellent, and the overall environment was quiet and relaxing. The hotel offered great value for money, and everything was well organized. We would happily stay here again and highly recommend it to other travelers.",2026-06-18T09:53:32.000Z,xu,,,0.0,5d8bcb167f010951,https://www.booking.com/hotel/bd/civic-inn-dhaka1.html,booking.com,Solo traveler,Bangladesh,1
Civic Inn,,Dhaka,hotel,5.0,3.65,"fantastic | Liked: Facilities are well maintained, very very helpful and friendly staff, specially receptionist.
Budget friendly stay in dhaka",2026-06-14T15:02:56.000Z,xu,,,0.0,918a3b451bde6a47,https://www.booking.com/hotel/bd/civic-inn-dhaka1.html,booking.com,Couple,Bangladesh,3
Civic Inn,,Dhaka,hotel,1.0,3.65,Very poor | Disliked: staff behavior. Never going there again.,2026-06-14T03:09:03.000Z,xu,,,0.0,b8eb55c541a75586,https://www.booking.com/hotel/bd/civic-inn-dhaka1.html,booking.com,Couple,Bangladesh,1
Civic Inn,,Dhaka,hotel,2.5,3.65,Passable | Liked: N | Disliked: N,2026-06-13T10:10:22.000Z,xu,,,,cfa8d6cf46f50ad5,https://www.booking.com/hotel/bd/civic-inn-dhaka1.html,booking.com,Solo traveler,Bangladesh,1
Civic Inn,,Dhaka,hotel,5.0,3.65,Overall good | Liked: Nice staffs | Disliked: Air conditioning. Licking waters,2026-06-04T13:52:28.000Z,en,,,0.0,f418ffc4587ff92a,https://www.booking.com/hotel/bd/civic-inn-dhaka1.html,booking.com,Couple,Bangladesh,1
Civic Inn,,Dhaka,hotel,5.0,3.65,"It's a perfect place to stay with family. | Liked: Their professionalism,behaviour and quick response was amazing.
Besides foods were delicious
Restaurant was also top class
And above all the chief chef was unbelievable | Disliked: Air conditioning system and wifi facilities",2026-05-15T11:36:18.000Z,en,,,0.0,fcd890c01d314c18,https://www.booking.com/hotel/bd/civic-inn-dhaka1.html,booking.com,Family,Bangladesh,1
Civic Inn,,Dhaka,hotel,5.0,3.65,Great stay | Liked: Good | Disliked: Good,2026-05-14T11:26:25.000Z,en,,,0.0,13f11982b2fa6e1f,https://www.booking.com/hotel/bd/civic-inn-dhaka1.html,booking.com,Couple,India,1
Civic Inn,,Dhaka,hotel,4.5,3.65,Superb | Liked: Friendly staff,2026-05-14T02:22:41.000Z,en,,,0.0,82f1a35057c54cb5,https://www.booking.com/hotel/bd/civic-inn-dhaka1.html,booking.com,Solo traveler,Cambodia,1
Civic Inn,,Dhaka,hotel,5.0,3.65,Exceptional | Liked: Good | Disliked: Good,2026-05-11T10:42:14.000Z,xu,,,0.0,fdd8bbc0cda95963,https://www.booking.com/hotel/bd/civic-inn-dhaka1.html,booking.com,Solo traveler,Bangladesh,1
Civic Inn,,Dhaka,hotel,5.0,3.65,Exceptional | Liked: A  good place to stay,2026-04-20T05:30:23.000Z,en,,,0.0,c5861667902a8702,https://www.booking.com/hotel/bd/civic-inn-dhaka1.html,booking.com,Family,Bangladesh,2
Civic Inn,,Dhaka,hotel,3.5,3.65,"Good | Liked: Location, food, clean and helpful staff. | Disliked: The placement of the AC was above the entrance of the room. It would have been better if the AC was placed right accross the bed on top of the wall. Due to the placement of the AC we were not able to get the cold air.",2026-04-12T16:47:41.000Z,en,,,0.0,97e6dc61796aaf94,https://www.booking.com/hotel/bd/civic-inn-dhaka1.html,booking.com,Solo traveler,United Kingdom,1
Civic Inn,,Dhaka,hotel,5.0,3.65,"Special thanks the Staff Name nafees such a great guy who was always available so mannered | Liked: I recently stayed at [civic Inn Dhaka ] and it was an absolutely wonderful experience from start to finish. The hotel exceeded all my expectations and made my trip truly special. | Disliked: The room was spacious, beautifully decorated, and spotlessly clean. The bed was incredibly comfortable – I slept better than I have in months! The bathroom was modern and well-stocked with high-quality amenities. I especially appreciated the stunning view from my balcony",2026-04-12T12:37:20.000Z,en,,,0.0,307ed2b379815b7f,https://www.booking.com/hotel/bd/civic-inn-dhaka1.html,booking.com,Solo traveler,Pakistan,2
Civic Inn,,Dhaka,hotel,5.0,3.65,Good | Liked: Good | Disliked: Good,2026-04-11T14:54:47.000Z,en,,,0.0,02e6cf51576f4dca,https://www.booking.com/hotel/bd/civic-inn-dhaka1.html,booking.com,Couple,India,2
